[,1,3,3,3,3,.,0,",", ,1,9,2,2,4,1,.,0,",", ,',2,0,0,1,-,0,2,-,0,7,',",", ,1,",", ,',2,0,0,1,-,0,2,-,0,7,',",", ,',0,0,0,0,7,6,8,2,5,1,',",", ,',0,0,0,1,2,0,9,8,6,5,',],T,h,r,e,a,d,M,a,t,c,h, ,I,n,d,i,c,e,s,:, ,N,o,n,e,;, ,F,o,r,m, ,4,A, ,L,o,g,i,c, ,M,a,t,c,h,i,n,g, ,E,r,r,o,r,",", ,e,i,t,h,e,r, ,n,o, ,v,a,l,i,d, ,t,h,r,e,a,d, ,m,a,t,c,h, ,o,r, ,t,h,e, ,v,a,l,i,d, ,t,h,r,e,a,d, ,m,a,t,c,h, ,w,a,s, ,u,s,e,d, ,b,y, ,a,n, ,e,a,r,l,i,e,r, ,t,r,a,n,s,a,c,t,i,o,n
[,1,3,3,3,3,.,0,",", ,2,0,5,5,7,4,.,0,",", ,',2,0,0,1,-,0,2,-,2,8,',",", ,2,",", ,',2,0,0,1,-,0,2,-,0,7,',",", ,',0,0,0,0,7,6,8,2,5,1,',",", ,',0,0,0,1,2,0,9,8,6,5,',],T,h,r,e,a,d,M,a,t,c,h, ,I,n,d,i,c,e,s,:, ,N,o,n,e,;, ,F,o,r,m, ,4,A, ,L,o,g,i,c, ,M,a,t,c,h,i,n,g, ,E,r,r,o,r,",", ,e,i,t,h,e,r, ,n,o, ,v,a,l,i,d, ,t,h,r,e,a,d, ,m,a,t,c,h, ,o,r, ,t,h,e, ,v,a,l,i,d, ,t,h,r,e,a,d, ,m,a,t,c,h, ,w,a,s, ,u,s,e,d, ,b,y, ,a,n, ,e,a,r,l,i,e,r, ,t,r,a,n,s,a,c,t,i,o,n
2011-02-07-0000066740-0001444612,1,1
2011-02-07-0000066740-0001444612,2,2
[,5,0,0,0,.,0,",", ,8,4,6,4,.,0,",", ,',2,0,0,7,-,0,1,-,3,0,',",", ,1,",", ,',2,0,0,7,-,0,1,-,3,0,',",", ,',0,0,0,0,7,6,8,2,5,1,',",", ,',0,0,0,1,2,0,9,8,7,4,',],T,h,r,e,a,d,M,a,t,c,h, ,I,n,d,i,c,e,s,:, ,N,o,n,e,;, ,F,o,r,m, ,4,A, ,L,o,g,i,c, ,M,a,t,c,h,i,n,g, ,E,r,r,o,r,",", ,e,i,t,h,e,r, ,n,o, ,v,a,l,i,d, ,t,h,r,e,a,d, ,m,a,t,c,h, ,o,r, ,t,h,e, ,v,a,l,i,d, ,t,h,r,e,a,d, ,m,a,t,c,h, ,w,a,s, ,u,s,e,d, ,b,y, ,a,n, ,e,a,r,l,i,e,r, ,t,r,a,n,s,a,c,t,i,o,n
[,-,2,0,4,5,.,0,",", ,6,4,1,9,.,0,",", ,',2,0,0,7,-,0,1,-,3,0,',",", ,2,",", ,',2,0,0,7,-,0,1,-,3,0,',",", ,',0,0,0,0,7,6,8,2,5,1,',",", ,',0,0,0,1,2,0,9,8,7,4,',],T,h,r,e,a,d,M,a,t,c,h, ,I,n,d,i,c,e,s,:, ,N,o,n,e,;, ,F,o,r,m, ,4,A, ,L,o,g,i,c, ,M,a,t,c,h,i,n,g, ,E,r,r,o,r,",", ,e,i,t,h,e,r, ,n,o, ,v,a,l,i,d, ,t,h,r,e,a,d, ,m,a,t,c,h, ,o,r, ,t,h,e, ,v,a,l,i,d, ,t,h,r,e,a,d, ,m,a,t,c,h, ,w,a,s, ,u,s,e,d, ,b,y, ,a,n, ,e,a,r,l,i,e,r, ,t,r,a,n,s,a,c,t,i,o,n
[,-,2,9,5,5,.,0,",", ,3,4,6,4,.,0,",", ,',2,0,0,7,-,0,2,-,1,5,',",", ,3,",", ,',2,0,0,7,-,0,1,-,3,0,',",", ,',0,0,0,0,7,6,8,2,5,1,',",", ,',0,0,0,1,2,0,9,8,7,4,',],T,h,r,e,a,d,M,a,t,c,h, ,I,n,d,i,c,e,s,:, ,N,o,n,e,;, ,F,o,r,m, ,4,A, ,L,o,g,i,c, ,M,a,t,c,h,i,n,g, ,E,r,r,o,r,",", ,e,i,t,h,e,r, ,n,o, ,v,a,l,i,d, ,t,h,r,e,a,d, ,m,a,t,c,h, ,o,r, ,t,h,e, ,v,a,l,i,d, ,t,h,r,e,a,d, ,m,a,t,c,h, ,w,a,s, ,u,s,e,d, ,b,y, ,a,n, ,e,a,r,l,i,e,r, ,t,r,a,n,s,a,c,t,i,o,n
[,2,5,0,0,0,.,0,",", ,2,8,4,6,4,.,0,",", ,',2,0,0,7,-,0,2,-,1,5,',",", ,4,",", ,',2,0,0,7,-,0,1,-,3,0,',",", ,',0,0,0,0,7,6,8,2,5,1,',",", ,',0,0,0,1,2,0,9,8,7,4,',],T,h,r,e,a,d,M,a,t,c,h, ,I,n,d,i,c,e,s,:, ,N,o,n,e,;, ,F,o,r,m, ,4,A, ,L,o,g,i,c, ,M,a,t,c,h,i,n,g, ,E,r,r,o,r,",", ,e,i,t,h,e,r, ,n,o, ,v,a,l,i,d, ,t,h,r,e,a,d, ,m,a,t,c,h, ,o,r, ,t,h,e, ,v,a,l,i,d, ,t,h,r,e,a,d, ,m,a,t,c,h, ,w,a,s, ,u,s,e,d, ,b,y, ,a,n, ,e,a,r,l,i,e,r, ,t,r,a,n,s,a,c,t,i,o,n
[,-,2,5,0,0,0,.,0,",", ,3,4,6,4,.,0,",", ,',2,0,0,7,-,0,2,-,1,5,',",", ,5,",", ,',2,0,0,7,-,0,1,-,3,0,',",", ,',0,0,0,0,7,6,8,2,5,1,',",", ,',0,0,0,1,2,0,9,8,7,4,',],T,h,r,e,a,d,M,a,t,c,h, ,I,n,d,i,c,e,s,:, ,N,o,n,e,;, ,F,o,r,m, ,4,A, ,L,o,g,i,c, ,M,a,t,c,h,i,n,g, ,E,r,r,o,r,",", ,e,i,t,h,e,r, ,n,o, ,v,a,l,i,d, ,t,h,r,e,a,d, ,m,a,t,c,h, ,o,r, ,t,h,e, ,v,a,l,i,d, ,t,h,r,e,a,d, ,m,a,t,c,h, ,w,a,s, ,u,s,e,d, ,b,y, ,a,n, ,e,a,r,l,i,e,r, ,t,r,a,n,s,a,c,t,i,o,n
2013-02-05-0000066740-0001342238,1,1
[,-,3,6,5,.,8,6,",", ,6,6,5,.,0,",", ,',2,0,1,3,-,0,2,-,0,5,',",", ,2,",", ,',2,0,1,3,-,0,2,-,0,5,',",", ,',0,0,0,0,0,6,6,7,4,0,',",", ,',0,0,0,1,3,4,2,2,3,8,',],T,h,r,e,a,d,M,a,t,c,h, ,I,n,d,i,c,e,s,:, ,N,o,n,e,;, ,F,o,r,m, ,4,A, ,L,o,g,i,c, ,M,a,t,c,h,i,n,g, ,E,r,r,o,r,",", ,e,i,t,h,e,r, ,n,o, ,v,a,l,i,d, ,t,h,r,e,a,d, ,m,a,t,c,h, ,o,r, ,t,h,e, ,v,a,l,i,d, ,t,h,r,e,a,d, ,m,a,t,c,h, ,w,a,s, ,u,s,e,d, ,b,y, ,a,n, ,e,a,r,l,i,e,r, ,t,r,a,n,s,a,c,t,i,o,n
[,4,4,5,0,.,0,",", ,1,6,3,2,5,.,0,",", ,',2,0,0,7,-,0,1,-,3,0,',",", ,1,",", ,',2,0,0,7,-,0,1,-,3,0,',",", ,',0,0,0,0,7,6,8,2,5,1,',",", ,',0,0,0,1,2,0,9,8,7,1,',],T,h,r,e,a,d,M,a,t,c,h, ,I,n,d,i,c,e,s,:, ,N,o,n,e,;, ,F,o,r,m, ,4,A, ,L,o,g,i,c, ,M,a,t,c,h,i,n,g, ,E,r,r,o,r,",", ,e,i,t,h,e,r, ,n,o, ,v,a,l,i,d, ,t,h,r,e,a,d, ,m,a,t,c,h, ,o,r, ,t,h,e, ,v,a,l,i,d, ,t,h,r,e,a,d, ,m,a,t,c,h, ,w,a,s, ,u,s,e,d, ,b,y, ,a,n, ,e,a,r,l,i,e,r, ,t,r,a,n,s,a,c,t,i,o,n
[,-,1,8,5,0,.,0,",", ,1,4,4,7,5,.,0,",", ,',2,0,0,7,-,0,1,-,3,0,',",", ,2,",", ,',2,0,0,7,-,0,1,-,3,0,',",", ,',0,0,0,0,7,6,8,2,5,1,',",", ,',0,0,0,1,2,0,9,8,7,1,',],T,h,r,e,a,d,M,a,t,c,h, ,I,n,d,i,c,e,s,:, ,N,o,n,e,;, ,F,o,r,m, ,4,A, ,L,o,g,i,c, ,M,a,t,c,h,i,n,g, ,E,r,r,o,r,",", ,e,i,t,h,e,r, ,n,o, ,v,a,l,i,d, ,t,h,r,e,a,d, ,m,a,t,c,h, ,o,r, ,t,h,e, ,v,a,l,i,d, ,t,h,r,e,a,d, ,m,a,t,c,h, ,w,a,s, ,u,s,e,d, ,b,y, ,a,n, ,e,a,r,l,i,e,r, ,t,r,a,n,s,a,c,t,i,o,n
2013-02-08-0001086222-0001291475,1,1
[,-,3,7,5,0,.,0,",", ,1,0,6,2,5,.,0,",", ,',2,0,0,6,-,1,1,-,0,6,',",", ,1,",", ,',2,0,0,6,-,1,1,-,0,6,',",", ,',0,0,0,1,0,8,6,2,2,2,',",", ,',0,0,0,1,2,9,1,4,7,5,',],T,h,r,e,a,d,M,a,t,c,h, ,I,n,d,i,c,e,s,:, ,N,o,n,e,;, ,F,o,r,m, ,4,A, ,L,o,g,i,c, ,M,a,t,c,h,i,n,g, ,E,r,r,o,r,",", ,e,i,t,h,e,r, ,n,o, ,v,a,l,i,d, ,t,h,r,e,a,d, ,m,a,t,c,h, ,o,r, ,t,h,e, ,v,a,l,i,d, ,t,h,r,e,a,d, ,m,a,t,c,h, ,w,a,s, ,u,s,e,d, ,b,y, ,a,n, ,e,a,r,l,i,e,r, ,t,r,a,n,s,a,c,t,i,o,n
[,-,6,2,5,.,0,",", ,1,0,0,0,0,.,0,",", ,',2,0,0,6,-,1,1,-,0,6,',",", ,2,",", ,',2,0,0,6,-,1,1,-,0,6,',",", ,',0,0,0,1,0,8,6,2,2,2,',",", ,',0,0,0,1,2,9,1,4,7,5,',],T,h,r,e,a,d,M,a,t,c,h, ,I,n,d,i,c,e,s,:, ,N,o,n,e,;, ,F,o,r,m, ,4,A, ,L,o,g,i,c, ,M,a,t,c,h,i,n,g, ,E,r,r,o,r,",", ,e,i,t,h,e,r, ,n,o, ,v,a,l,i,d, ,t,h,r,e,a,d, ,m,a,t,c,h, ,o,r, ,t,h,e, ,v,a,l,i,d, ,t,h,r,e,a,d, ,m,a,t,c,h, ,w,a,s, ,u,s,e,d, ,b,y, ,a,n, ,e,a,r,l,i,e,r, ,t,r,a,n,s,a,c,t,i,o,n
[,-,1,0,0,0,0,.,0,",", ,0,.,0,",", ,',2,0,0,6,-,1,1,-,0,6,',",", ,3,",", ,',2,0,0,6,-,1,1,-,0,6,',",", ,',0,0,0,1,0,8,6,2,2,2,',",", ,',0,0,0,1,2,9,1,4,7,5,',],T,h,r,e,a,d,M,a,t,c,h, ,I,n,d,i,c,e,s,:, ,N,o,n,e,;, ,F,o,r,m, ,4,A, ,L,o,g,i,c, ,M,a,t,c,h,i,n,g, ,E,r,r,o,r,",", ,e,i,t,h,e,r, ,n,o, ,v,a,l,i,d, ,t,h,r,e,a,d, ,m,a,t,c,h, ,o,r, ,t,h,e, ,v,a,l,i,d, ,t,h,r,e,a,d, ,m,a,t,c,h, ,w,a,s, ,u,s,e,d, ,b,y, ,a,n, ,e,a,r,l,i,e,r, ,t,r,a,n,s,a,c,t,i,o,n
[,9,0,9,9,.,0,",", ,2,8,0,4,2,.,0,",", ,',2,0,1,0,-,0,2,-,0,5,',",", ,1,",", ,',2,0,1,0,-,0,2,-,0,5,',",", ,',0,0,0,1,0,8,6,2,2,2,',",", ,',0,0,0,1,2,9,1,4,7,5,',],T,h,r,e,a,d,M,a,t,c,h, ,I,n,d,i,c,e,s,:, ,N,o,n,e,;, ,F,o,r,m, ,4,A, ,L,o,g,i,c, ,M,a,t,c,h,i,n,g, ,E,r,r,o,r,",", ,e,i,t,h,e,r, ,n,o, ,v,a,l,i,d, ,t,h,r,e,a,d, ,m,a,t,c,h, ,o,r, ,t,h,e, ,v,a,l,i,d, ,t,h,r,e,a,d, ,m,a,t,c,h, ,w,a,s, ,u,s,e,d, ,b,y, ,a,n, ,e,a,r,l,i,e,r, ,t,r,a,n,s,a,c,t,i,o,n
2008-10-06-0000882095-0001303643,1,3
2008-10-06-0000882095-0001303643,2,4
[,2,5,4,8,1,.,0,",", ,4,0,3,0,8,.,0,",", ,',2,0,0,8,-,0,3,-,0,3,',",", ,1,",", ,',2,0,0,8,-,0,3,-,0,3,',",", ,',0,0,0,0,0,6,6,7,4,0,',",", ,',0,0,0,1,2,0,5,3,9,7,',],T,h,r,e,a,d,M,a,t,c,h, ,I,n,d,i,c,e,s,:, ,N,o,n,e,;, ,F,o,r,m, ,4,A, ,L,o,g,i,c, ,M,a,t,c,h,i,n,g, ,E,r,r,o,r,",", ,e,i,t,h,e,r, ,n,o, ,v,a,l,i,d, ,t,h,r,e,a,d, ,m,a,t,c,h, ,o,r, ,t,h,e, ,v,a,l,i,d, ,t,h,r,e,a,d, ,m,a,t,c,h, ,w,a,s, ,u,s,e,d, ,b,y, ,a,n, ,e,a,r,l,i,e,r, ,t,r,a,n,s,a,c,t,i,o,n
[,5,0,0,0,.,0,",", ,3,1,7,0,0,0,.,0,",", ,',2,0,0,4,-,1,1,-,0,3,',",", ,1,",", ,',2,0,0,4,-,1,1,-,0,3,',",", ,',0,0,0,0,8,8,2,0,9,5,',",", ,',0,0,0,1,1,9,8,2,2,6,',],T,h,r,e,a,d,M,a,t,c,h, ,I,n,d,i,c,e,s,:, ,N,o,n,e,;, ,F,o,r,m, ,4,A, ,L,o,g,i,c, ,M,a,t,c,h,i,n,g, ,E,r,r,o,r,",", ,e,i,t,h,e,r, ,n,o, ,v,a,l,i,d, ,t,h,r,e,a,d, ,m,a,t,c,h, ,o,r, ,t,h,e, ,v,a,l,i,d, ,t,h,r,e,a,d, ,m,a,t,c,h, ,w,a,s, ,u,s,e,d, ,b,y, ,a,n, ,e,a,r,l,i,e,r, ,t,r,a,n,s,a,c,t,i,o,n
[,1,8,3,3,3,.,0,",", ,1,0,8,0,3,1,.,0,",", ,',2,0,1,1,-,0,2,-,1,6,',",", ,1,",", ,',2,0,1,1,-,0,2,-,1,6,',",", ,',0,0,0,1,1,4,0,8,5,9,',",", ,',0,0,0,1,1,9,1,5,0,5,',],T,h,r,e,a,d,M,a,t,c,h, ,I,n,d,i,c,e,s,:, ,N,o,n,e,;, ,F,o,r,m, ,4,A, ,L,o,g,i,c, ,M,a,t,c,h,i,n,g, ,E,r,r,o,r,",", ,e,i,t,h,e,r, ,n,o, ,v,a,l,i,d, ,t,h,r,e,a,d, ,m,a,t,c,h, ,o,r, ,t,h,e, ,v,a,l,i,d, ,t,h,r,e,a,d, ,m,a,t,c,h, ,w,a,s, ,u,s,e,d, ,b,y, ,a,n, ,e,a,r,l,i,e,r, ,t,r,a,n,s,a,c,t,i,o,n
[,3,2,9,0,.,2,6,2,",", ,9,5,1,5,.,0,",", ,',2,0,1,1,-,0,2,-,0,9,',",", ,1,",", ,',2,0,1,1,-,0,2,-,0,9,',",", ,',0,0,0,0,0,6,6,7,4,0,',",", ,',0,0,0,1,3,1,3,2,9,7,',],T,h,r,e,a,d,M,a,t,c,h, ,I,n,d,i,c,e,s,:, ,N,o,n,e,;, ,F,o,r,m, ,4,A, ,L,o,g,i,c, ,M,a,t,c,h,i,n,g, ,E,r,r,o,r,",", ,e,i,t,h,e,r, ,n,o, ,v,a,l,i,d, ,t,h,r,e,a,d, ,m,a,t,c,h, ,o,r, ,t,h,e, ,v,a,l,i,d, ,t,h,r,e,a,d, ,m,a,t,c,h, ,w,a,s, ,u,s,e,d, ,b,y, ,a,n, ,e,a,r,l,i,e,r, ,t,r,a,n,s,a,c,t,i,o,n
[,-,8,2,3,.,0,",", ,8,6,9,2,.,0,",", ,',2,0,1,1,-,0,2,-,0,9,',",", ,2,",", ,',2,0,1,1,-,0,2,-,0,9,',",", ,',0,0,0,0,0,6,6,7,4,0,',",", ,',0,0,0,1,3,1,3,2,9,7,',],T,h,r,e,a,d,M,a,t,c,h, ,I,n,d,i,c,e,s,:, ,N,o,n,e,;, ,F,o,r,m, ,4,A, ,L,o,g,i,c, ,M,a,t,c,h,i,n,g, ,E,r,r,o,r,",", ,e,i,t,h,e,r, ,n,o, ,v,a,l,i,d, ,t,h,r,e,a,d, ,m,a,t,c,h, ,o,r, ,t,h,e, ,v,a,l,i,d, ,t,h,r,e,a,d, ,m,a,t,c,h, ,w,a,s, ,u,s,e,d, ,b,y, ,a,n, ,e,a,r,l,i,e,r, ,t,r,a,n,s,a,c,t,i,o,n
[,2,0,0,0,0,.,0,",", ,6,7,8,8,0,.,0,",", ,',2,0,1,1,-,0,2,-,1,6,',",", ,1,",", ,',2,0,1,1,-,0,2,-,1,6,',",", ,',0,0,0,1,1,4,0,8,5,9,',",", ,',0,0,0,1,1,9,1,5,0,8,',],T,h,r,e,a,d,M,a,t,c,h, ,I,n,d,i,c,e,s,:, ,N,o,n,e,;, ,F,o,r,m, ,4,A, ,L,o,g,i,c, ,M,a,t,c,h,i,n,g, ,E,r,r,o,r,",", ,e,i,t,h,e,r, ,n,o, ,v,a,l,i,d, ,t,h,r,e,a,d, ,m,a,t,c,h, ,o,r, ,t,h,e, ,v,a,l,i,d, ,t,h,r,e,a,d, ,m,a,t,c,h, ,w,a,s, ,u,s,e,d, ,b,y, ,a,n, ,e,a,r,l,i,e,r, ,t,r,a,n,s,a,c,t,i,o,n
[,1,7,2,.,0,",", ,6,5,3,.,0,",", ,',2,0,0,7,-,0,1,-,0,3,',",", ,1,",", ,',2,0,0,7,-,0,1,-,0,3,',",", ,',0,0,0,0,0,0,5,2,7,2,',",", ,',0,0,0,1,2,3,6,5,9,0,',],T,h,r,e,a,d,M,a,t,c,h, ,I,n,d,i,c,e,s,:, ,N,o,n,e,;, ,F,o,r,m, ,4,A, ,L,o,g,i,c, ,M,a,t,c,h,i,n,g, ,E,r,r,o,r,",", ,e,i,t,h,e,r, ,n,o, ,v,a,l,i,d, ,t,h,r,e,a,d, ,m,a,t,c,h, ,o,r, ,t,h,e, ,v,a,l,i,d, ,t,h,r,e,a,d, ,m,a,t,c,h, ,w,a,s, ,u,s,e,d, ,b,y, ,a,n, ,e,a,r,l,i,e,r, ,t,r,a,n,s,a,c,t,i,o,n
2010-07-23-0000768251-0001209879,1,1
2010-07-23-0000768251-0001209879,2,2
[,2,5,4,8,1,.,0,",", ,3,2,9,6,6,.,0,",", ,',2,0,0,8,-,0,3,-,0,3,',",", ,1,",", ,',2,0,0,8,-,0,3,-,0,3,',",", ,',0,0,0,0,0,6,6,7,4,0,',",", ,',0,0,0,1,3,0,4,9,5,6,',],T,h,r,e,a,d,M,a,t,c,h, ,I,n,d,i,c,e,s,:, ,N,o,n,e,;, ,F,o,r,m, ,4,A, ,L,o,g,i,c, ,M,a,t,c,h,i,n,g, ,E,r,r,o,r,",", ,e,i,t,h,e,r, ,n,o, ,v,a,l,i,d, ,t,h,r,e,a,d, ,m,a,t,c,h, ,o,r, ,t,h,e, ,v,a,l,i,d, ,t,h,r,e,a,d, ,m,a,t,c,h, ,w,a,s, ,u,s,e,d, ,b,y, ,a,n, ,e,a,r,l,i,e,r, ,t,r,a,n,s,a,c,t,i,o,n
2011-02-07-0000066740-0001313297,1,1
2011-02-07-0000066740-0001313297,2,2
2006-05-01-0000005272-0001340459,1,1
2006-05-01-0000005272-0001340459,2,2
2006-05-01-0000005272-0001340459,3,3
2006-05-01-0000005272-0001340459,4,4
2006-05-01-0000005272-0001340459,5,5
2006-05-01-0000005272-0001340459,6,6
2006-05-01-0000005272-0001340459,7,7
2006-05-01-0000005272-0001340459,8,8
2006-05-01-0000005272-0001340459,9,9
2006-05-01-0000005272-0001340459,10,10
2006-05-01-0000005272-0001340459,11,11
2006-05-01-0000005272-0001340459,12,12
2006-05-01-0000005272-0001340459,13,13
2006-05-01-0000005272-0001340459,14,14
2006-05-01-0000005272-0001340459,15,15
2006-05-01-0000005272-0001340459,16,16
2013-03-08-0001086222-0001266432,1,1
2013-02-05-0000066740-0001469238,1,1
2013-02-05-0000066740-0001469238,2,2
[,7,9,9,3,.,0,",", ,9,5,9,3,.,0,",", ,',2,0,1,4,-,0,2,-,1,0,',",", ,1,",", ,',2,0,1,4,-,0,2,-,1,0,',",", ,',0,0,0,1,4,6,7,8,5,8,',",", ,',0,0,0,1,5,9,4,1,3,3,',],T,h,r,e,a,d,M,a,t,c,h, ,I,n,d,i,c,e,s,:, ,N,o,n,e,;, ,F,o,r,m, ,4,A, ,L,o,g,i,c, ,M,a,t,c,h,i,n,g, ,E,r,r,o,r,",", ,e,i,t,h,e,r, ,n,o, ,v,a,l,i,d, ,t,h,r,e,a,d, ,m,a,t,c,h, ,o,r, ,t,h,e, ,v,a,l,i,d, ,t,h,r,e,a,d, ,m,a,t,c,h, ,w,a,s, ,u,s,e,d, ,b,y, ,a,n, ,e,a,r,l,i,e,r, ,t,r,a,n,s,a,c,t,i,o,n
[,-,4,6,6,7,.,0,",", ,4,9,2,6,.,0,",", ,',2,0,1,4,-,0,2,-,1,0,',",", ,2,",", ,',2,0,1,4,-,0,2,-,1,0,',",", ,',0,0,0,1,4,6,7,8,5,8,',",", ,',0,0,0,1,5,9,4,1,3,3,',],T,h,r,e,a,d,M,a,t,c,h, ,I,n,d,i,c,e,s,:, ,N,o,n,e,;, ,F,o,r,m, ,4,A, ,L,o,g,i,c, ,M,a,t,c,h,i,n,g, ,E,r,r,o,r,",", ,e,i,t,h,e,r, ,n,o, ,v,a,l,i,d, ,t,h,r,e,a,d, ,m,a,t,c,h, ,o,r, ,t,h,e, ,v,a,l,i,d, ,t,h,r,e,a,d, ,m,a,t,c,h, ,w,a,s, ,u,s,e,d, ,b,y, ,a,n, ,e,a,r,l,i,e,r, ,t,r,a,n,s,a,c,t,i,o,n
[,-,3,3,2,6,.,0,",", ,1,6,0,0,.,0,",", ,',2,0,1,4,-,0,2,-,1,0,',",", ,3,",", ,',2,0,1,4,-,0,2,-,1,0,',",", ,',0,0,0,1,4,6,7,8,5,8,',",", ,',0,0,0,1,5,9,4,1,3,3,',],T,h,r,e,a,d,M,a,t,c,h, ,I,n,d,i,c,e,s,:, ,N,o,n,e,;, ,F,o,r,m, ,4,A, ,L,o,g,i,c, ,M,a,t,c,h,i,n,g, ,E,r,r,o,r,",", ,e,i,t,h,e,r, ,n,o, ,v,a,l,i,d, ,t,h,r,e,a,d, ,m,a,t,c,h, ,o,r, ,t,h,e, ,v,a,l,i,d, ,t,h,r,e,a,d, ,m,a,t,c,h, ,w,a,s, ,u,s,e,d, ,b,y, ,a,n, ,e,a,r,l,i,e,r, ,t,r,a,n,s,a,c,t,i,o,n
2011-01-31-0000004962-0001209444,1,1
[,-,4,4,0,0,.,0,",", ,3,5,4,1,.,0,",", ,',2,0,0,8,-,1,0,-,2,3,',",", ,1,",", ,',2,0,0,8,-,1,0,-,2,3,',",", ,',0,0,0,0,3,1,8,1,5,4,',",", ,',0,0,0,1,1,9,9,3,0,6,',],T,h,r,e,a,d,M,a,t,c,h, ,I,n,d,i,c,e,s,:, ,N,o,n,e,;, ,F,o,r,m, ,4,A, ,L,o,g,i,c, ,M,a,t,c,h,i,n,g, ,E,r,r,o,r,",", ,e,i,t,h,e,r, ,n,o, ,v,a,l,i,d, ,t,h,r,e,a,d, ,m,a,t,c,h, ,o,r, ,t,h,e, ,v,a,l,i,d, ,t,h,r,e,a,d, ,m,a,t,c,h, ,w,a,s, ,u,s,e,d, ,b,y, ,a,n, ,e,a,r,l,i,e,r, ,t,r,a,n,s,a,c,t,i,o,n
2010-07-27-0000066740-0001304501,1,4
[,-,1,6,3,3,.,0,",", ,3,2,9,9,0,.,0,",", ,',2,0,1,0,-,0,7,-,2,7,',",", ,2,",", ,',2,0,1,0,-,0,7,-,2,7,',",", ,',0,0,0,0,0,6,6,7,4,0,',",", ,',0,0,0,1,3,0,4,5,0,1,',],T,h,r,e,a,d,M,a,t,c,h, ,I,n,d,i,c,e,s,:, ,N,o,n,e,;, ,F,o,r,m, ,4,A, ,L,o,g,i,c, ,M,a,t,c,h,i,n,g, ,E,r,r,o,r,",", ,e,i,t,h,e,r, ,n,o, ,v,a,l,i,d, ,t,h,r,e,a,d, ,m,a,t,c,h, ,o,r, ,t,h,e, ,v,a,l,i,d, ,t,h,r,e,a,d, ,m,a,t,c,h, ,w,a,s, ,u,s,e,d, ,b,y, ,a,n, ,e,a,r,l,i,e,r, ,t,r,a,n,s,a,c,t,i,o,n
[,-,4,4,3,.,0,",", ,3,3,9,0,5,.,0,",", ,',2,0,1,0,-,0,7,-,2,7,',",", ,3,",", ,',2,0,1,0,-,0,7,-,2,7,',",", ,',0,0,0,0,0,6,6,7,4,0,',",", ,',0,0,0,1,3,0,4,5,0,1,',],T,h,r,e,a,d,M,a,t,c,h, ,I,n,d,i,c,e,s,:, ,N,o,n,e,;, ,F,o,r,m, ,4,A, ,L,o,g,i,c, ,M,a,t,c,h,i,n,g, ,E,r,r,o,r,",", ,e,i,t,h,e,r, ,n,o, ,v,a,l,i,d, ,t,h,r,e,a,d, ,m,a,t,c,h, ,o,r, ,t,h,e, ,v,a,l,i,d, ,t,h,r,e,a,d, ,m,a,t,c,h, ,w,a,s, ,u,s,e,d, ,b,y, ,a,n, ,e,a,r,l,i,e,r, ,t,r,a,n,s,a,c,t,i,o,n
2011-03-15-0000882095-0001303643,1,1
2011-03-15-0000882095-0001303643,2,2
[,-,5,0,0,0,0,0,0,.,0,",", ,2,3,6,9,2,9,6,8,.,0,",", ,',2,0,0,6,-,0,3,-,0,7,',",", ,1,",", ,',2,0,0,6,-,0,3,-,0,7,',",", ,',0,0,0,0,0,0,5,2,7,2,',",", ,',0,0,0,1,3,4,0,4,5,9,',],T,h,r,e,a,d,M,a,t,c,h, ,I,n,d,i,c,e,s,:, ,N,o,n,e,;, ,F,o,r,m, ,4,A, ,L,o,g,i,c, ,M,a,t,c,h,i,n,g, ,E,r,r,o,r,",", ,e,i,t,h,e,r, ,n,o, ,v,a,l,i,d, ,t,h,r,e,a,d, ,m,a,t,c,h, ,o,r, ,t,h,e, ,v,a,l,i,d, ,t,h,r,e,a,d, ,m,a,t,c,h, ,w,a,s, ,u,s,e,d, ,b,y, ,a,n, ,e,a,r,l,i,e,r, ,t,r,a,n,s,a,c,t,i,o,n
2013-02-05-0000066740-0001263739,1,1
2013-02-05-0000066740-0001263739,2,2
[,4,4,2,9,.,0,",", ,3,0,2,1,2,.,0,",", ,',2,0,0,3,-,1,2,-,0,2,',",", ,1,",", ,',2,0,0,3,-,1,2,-,0,2,',",", ,',0,0,0,0,0,0,5,2,7,2,',",", ,',0,0,0,1,2,3,6,5,9,3,',],T,h,r,e,a,d,M,a,t,c,h, ,I,n,d,i,c,e,s,:, ,N,o,n,e,;, ,F,o,r,m, ,4,A, ,L,o,g,i,c, ,M,a,t,c,h,i,n,g, ,E,r,r,o,r,",", ,e,i,t,h,e,r, ,n,o, ,v,a,l,i,d, ,t,h,r,e,a,d, ,m,a,t,c,h, ,o,r, ,t,h,e, ,v,a,l,i,d, ,t,h,r,e,a,d, ,m,a,t,c,h, ,w,a,s, ,u,s,e,d, ,b,y, ,a,n, ,e,a,r,l,i,e,r, ,t,r,a,n,s,a,c,t,i,o,n
[,-,3,0,0,0,.,0,",", ,4,0,5,0,0,.,0,",", ,',2,0,0,4,-,0,2,-,0,2,',",", ,1,",", ,',2,0,0,4,-,0,2,-,0,2,',",", ,',0,0,0,1,0,3,7,8,6,8,',",", ,',0,0,0,1,0,8,9,0,0,5,',],T,h,r,e,a,d,M,a,t,c,h, ,I,n,d,i,c,e,s,:, ,N,o,n,e,;, ,F,o,r,m, ,4,A, ,L,o,g,i,c, ,M,a,t,c,h,i,n,g, ,E,r,r,o,r,",", ,e,i,t,h,e,r, ,n,o, ,v,a,l,i,d, ,t,h,r,e,a,d, ,m,a,t,c,h, ,o,r, ,t,h,e, ,v,a,l,i,d, ,t,h,r,e,a,d, ,m,a,t,c,h, ,w,a,s, ,u,s,e,d, ,b,y, ,a,n, ,e,a,r,l,i,e,r, ,t,r,a,n,s,a,c,t,i,o,n
[,1,0,0,0,0,.,0,",", ,1,8,1,1,5,.,0,",", ,',2,0,0,7,-,0,1,-,3,0,',",", ,1,",", ,',2,0,0,7,-,0,1,-,3,0,',",", ,',0,0,0,0,7,6,8,2,5,1,',",", ,',0,0,0,1,2,0,9,8,7,9,',],T,h,r,e,a,d,M,a,t,c,h, ,I,n,d,i,c,e,s,:, ,N,o,n,e,;, ,F,o,r,m, ,4,A, ,L,o,g,i,c, ,M,a,t,c,h,i,n,g, ,E,r,r,o,r,",", ,e,i,t,h,e,r, ,n,o, ,v,a,l,i,d, ,t,h,r,e,a,d, ,m,a,t,c,h, ,o,r, ,t,h,e, ,v,a,l,i,d, ,t,h,r,e,a,d, ,m,a,t,c,h, ,w,a,s, ,u,s,e,d, ,b,y, ,a,n, ,e,a,r,l,i,e,r, ,t,r,a,n,s,a,c,t,i,o,n
[,-,3,8,1,2,.,0,",", ,1,4,3,0,3,.,0,",", ,',2,0,0,7,-,0,1,-,3,0,',",", ,2,",", ,',2,0,0,7,-,0,1,-,3,0,',",", ,',0,0,0,0,7,6,8,2,5,1,',",", ,',0,0,0,1,2,0,9,8,7,9,',],T,h,r,e,a,d,M,a,t,c,h, ,I,n,d,i,c,e,s,:, ,N,o,n,e,;, ,F,o,r,m, ,4,A, ,L,o,g,i,c, ,M,a,t,c,h,i,n,g, ,E,r,r,o,r,",", ,e,i,t,h,e,r, ,n,o, ,v,a,l,i,d, ,t,h,r,e,a,d, ,m,a,t,c,h, ,o,r, ,t,h,e, ,v,a,l,i,d, ,t,h,r,e,a,d, ,m,a,t,c,h, ,w,a,s, ,u,s,e,d, ,b,y, ,a,n, ,e,a,r,l,i,e,r, ,t,r,a,n,s,a,c,t,i,o,n
[,7,3,5,.,0,",", ,3,1,3,2,0,2,9,7,1,.,0,",", ,',2,0,0,3,-,0,1,-,1,7,',",", ,1,",", ,',2,0,0,3,-,0,1,-,1,7,',",", ,',0,0,0,0,0,0,5,2,7,2,',",", ,',0,0,0,1,2,3,6,6,1,5,',],T,h,r,e,a,d,M,a,t,c,h, ,I,n,d,i,c,e,s,:, ,N,o,n,e,;, ,F,o,r,m, ,4,A, ,L,o,g,i,c, ,M,a,t,c,h,i,n,g, ,E,r,r,o,r,",", ,e,i,t,h,e,r, ,n,o, ,v,a,l,i,d, ,t,h,r,e,a,d, ,m,a,t,c,h, ,o,r, ,t,h,e, ,v,a,l,i,d, ,t,h,r,e,a,d, ,m,a,t,c,h, ,w,a,s, ,u,s,e,d, ,b,y, ,a,n, ,e,a,r,l,i,e,r, ,t,r,a,n,s,a,c,t,i,o,n
[,-,3,9,6,.,0,",", ,1,8,8,4,5,.,0,",", ,',2,0,1,2,-,1,2,-,0,5,',",", ,1,",", ,',2,0,1,2,-,1,2,-,0,5,',",", ,',0,0,0,0,8,7,9,5,8,5,',",", ,',0,0,0,1,4,1,0,3,9,4,',],T,h,r,e,a,d,M,a,t,c,h, ,I,n,d,i,c,e,s,:, ,N,o,n,e,;, ,F,o,r,m, ,4,A, ,L,o,g,i,c, ,M,a,t,c,h,i,n,g, ,E,r,r,o,r,",", ,e,i,t,h,e,r, ,n,o, ,v,a,l,i,d, ,t,h,r,e,a,d, ,m,a,t,c,h, ,o,r, ,t,h,e, ,v,a,l,i,d, ,t,h,r,e,a,d, ,m,a,t,c,h, ,w,a,s, ,u,s,e,d, ,b,y, ,a,n, ,e,a,r,l,i,e,r, ,t,r,a,n,s,a,c,t,i,o,n
2010-11-23-0001467858-0001492155,1,1
2005-12-31-0001037868-0001190205,1,1
2006-05-09-0000005272-0001340459,1,1
2006-05-09-0000005272-0001340459,2,2
2006-05-09-0000005272-0001340459,3,3
2003-08-28-0000882095-0001190273,1,2
2003-08-28-0000882095-0001190273,2,3
2013-03-08-0001086222-0001035440,1,1
[,-,0,.,0,",", ,4,3,0,6,0,.,0,",", ,',2,0,0,8,-,1,0,-,2,4,',",", ,1,",", ,',2,0,0,8,-,1,0,-,2,4,',",", ,',0,0,0,0,3,1,8,1,5,4,',",", ,',0,0,0,1,3,7,6,1,5,5,',],T,h,r,e,a,d,M,a,t,c,h, ,I,n,d,i,c,e,s,:, ,N,o,n,e,;, ,F,o,r,m, ,4,A, ,L,o,g,i,c, ,M,a,t,c,h,i,n,g, ,E,r,r,o,r,",", ,e,i,t,h,e,r, ,n,o, ,v,a,l,i,d, ,t,h,r,e,a,d, ,m,a,t,c,h, ,o,r, ,t,h,e, ,v,a,l,i,d, ,t,h,r,e,a,d, ,m,a,t,c,h, ,w,a,s, ,u,s,e,d, ,b,y, ,a,n, ,e,a,r,l,i,e,r, ,t,r,a,n,s,a,c,t,i,o,n
2008-10-27-0000804212-0001193024,1,3
2006-05-05-0000066740-0001197790,1,12
2006-05-05-0000066740-0001197790,2,13
2006-05-05-0000066740-0001197790,3,14
2006-05-05-0000066740-0001197790,4,15
2006-05-05-0000066740-0001197790,5,16
2006-05-05-0000066740-0001197790,6,17
2006-05-05-0000066740-0001197790,7,18
2006-05-05-0000066740-0001197790,8,19
2006-05-05-0000066740-0001197790,9,20
2006-05-05-0000066740-0001197790,10,21
2006-05-05-0000066740-0001197790,11,22
2006-05-05-0000066740-0001197790,12,23
[,-,5,5,5,.,0,",", ,3,0,2,9,5,.,0,",", ,',2,0,1,2,-,1,2,-,0,5,',",", ,1,",", ,',2,0,1,2,-,1,2,-,0,5,',",", ,',0,0,0,0,8,7,9,5,8,5,',",", ,',0,0,0,1,2,1,8,6,6,9,',],T,h,r,e,a,d,M,a,t,c,h, ,I,n,d,i,c,e,s,:, ,N,o,n,e,;, ,F,o,r,m, ,4,A, ,L,o,g,i,c, ,M,a,t,c,h,i,n,g, ,E,r,r,o,r,",", ,e,i,t,h,e,r, ,n,o, ,v,a,l,i,d, ,t,h,r,e,a,d, ,m,a,t,c,h, ,o,r, ,t,h,e, ,v,a,l,i,d, ,t,h,r,e,a,d, ,m,a,t,c,h, ,w,a,s, ,u,s,e,d, ,b,y, ,a,n, ,e,a,r,l,i,e,r, ,t,r,a,n,s,a,c,t,i,o,n
[,3,6,5,7,8,.,0,",", ,1,3,6,0,2,6,.,0,",", ,',2,0,0,6,-,0,5,-,0,8,',",", ,1,",", ,',2,0,0,6,-,0,5,-,0,8,',",", ,',0,0,0,0,0,6,6,7,4,0,',",", ,',0,0,0,1,1,9,7,7,4,0,',],T,h,r,e,a,d,M,a,t,c,h, ,I,n,d,i,c,e,s,:, ,N,o,n,e,;, ,F,o,r,m, ,4,A, ,L,o,g,i,c, ,M,a,t,c,h,i,n,g, ,E,r,r,o,r,",", ,e,i,t,h,e,r, ,n,o, ,v,a,l,i,d, ,t,h,r,e,a,d, ,m,a,t,c,h, ,o,r, ,t,h,e, ,v,a,l,i,d, ,t,h,r,e,a,d, ,m,a,t,c,h, ,w,a,s, ,u,s,e,d, ,b,y, ,a,n, ,e,a,r,l,i,e,r, ,t,r,a,n,s,a,c,t,i,o,n
[,-,2,5,7,9,4,.,0,",", ,1,1,0,2,3,2,.,0,",", ,',2,0,0,6,-,0,5,-,0,8,',",", ,2,",", ,',2,0,0,6,-,0,5,-,0,8,',",", ,',0,0,0,0,0,6,6,7,4,0,',",", ,',0,0,0,1,1,9,7,7,4,0,',],T,h,r,e,a,d,M,a,t,c,h, ,I,n,d,i,c,e,s,:, ,N,o,n,e,;, ,F,o,r,m, ,4,A, ,L,o,g,i,c, ,M,a,t,c,h,i,n,g, ,E,r,r,o,r,",", ,e,i,t,h,e,r, ,n,o, ,v,a,l,i,d, ,t,h,r,e,a,d, ,m,a,t,c,h, ,o,r, ,t,h,e, ,v,a,l,i,d, ,t,h,r,e,a,d, ,m,a,t,c,h, ,w,a,s, ,u,s,e,d, ,b,y, ,a,n, ,e,a,r,l,i,e,r, ,t,r,a,n,s,a,c,t,i,o,n
[,-,4,5,2,4,.,0,",", ,1,0,5,7,0,8,.,0,",", ,',2,0,0,6,-,0,5,-,0,8,',",", ,3,",", ,',2,0,0,6,-,0,5,-,0,8,',",", ,',0,0,0,0,0,6,6,7,4,0,',",", ,',0,0,0,1,1,9,7,7,4,0,',],T,h,r,e,a,d,M,a,t,c,h, ,I,n,d,i,c,e,s,:, ,N,o,n,e,;, ,F,o,r,m, ,4,A, ,L,o,g,i,c, ,M,a,t,c,h,i,n,g, ,E,r,r,o,r,",", ,e,i,t,h,e,r, ,n,o, ,v,a,l,i,d, ,t,h,r,e,a,d, ,m,a,t,c,h, ,o,r, ,t,h,e, ,v,a,l,i,d, ,t,h,r,e,a,d, ,m,a,t,c,h, ,w,a,s, ,u,s,e,d, ,b,y, ,a,n, ,e,a,r,l,i,e,r, ,t,r,a,n,s,a,c,t,i,o,n
[,1,5,6,2,0,.,0,",", ,1,2,1,3,2,8,.,0,",", ,',2,0,0,6,-,0,5,-,0,8,',",", ,4,",", ,',2,0,0,6,-,0,5,-,0,8,',",", ,',0,0,0,0,0,6,6,7,4,0,',",", ,',0,0,0,1,1,9,7,7,4,0,',],T,h,r,e,a,d,M,a,t,c,h, ,I,n,d,i,c,e,s,:, ,N,o,n,e,;, ,F,o,r,m, ,4,A, ,L,o,g,i,c, ,M,a,t,c,h,i,n,g, ,E,r,r,o,r,",", ,e,i,t,h,e,r, ,n,o, ,v,a,l,i,d, ,t,h,r,e,a,d, ,m,a,t,c,h, ,o,r, ,t,h,e, ,v,a,l,i,d, ,t,h,r,e,a,d, ,m,a,t,c,h, ,w,a,s, ,u,s,e,d, ,b,y, ,a,n, ,e,a,r,l,i,e,r, ,t,r,a,n,s,a,c,t,i,o,n
[,-,1,1,1,6,2,.,0,",", ,1,1,0,1,6,6,.,0,",", ,',2,0,0,6,-,0,5,-,0,8,',",", ,5,",", ,',2,0,0,6,-,0,5,-,0,8,',",", ,',0,0,0,0,0,6,6,7,4,0,',",", ,',0,0,0,1,1,9,7,7,4,0,',],T,h,r,e,a,d,M,a,t,c,h, ,I,n,d,i,c,e,s,:, ,N,o,n,e,;, ,F,o,r,m, ,4,A, ,L,o,g,i,c, ,M,a,t,c,h,i,n,g, ,E,r,r,o,r,",", ,e,i,t,h,e,r, ,n,o, ,v,a,l,i,d, ,t,h,r,e,a,d, ,m,a,t,c,h, ,o,r, ,t,h,e, ,v,a,l,i,d, ,t,h,r,e,a,d, ,m,a,t,c,h, ,w,a,s, ,u,s,e,d, ,b,y, ,a,n, ,e,a,r,l,i,e,r, ,t,r,a,n,s,a,c,t,i,o,n
[,-,1,9,0,3,.,0,",", ,1,0,8,2,6,3,.,0,",", ,',2,0,0,6,-,0,5,-,0,8,',",", ,6,",", ,',2,0,0,6,-,0,5,-,0,8,',",", ,',0,0,0,0,0,6,6,7,4,0,',",", ,',0,0,0,1,1,9,7,7,4,0,',],T,h,r,e,a,d,M,a,t,c,h, ,I,n,d,i,c,e,s,:, ,N,o,n,e,;, ,F,o,r,m, ,4,A, ,L,o,g,i,c, ,M,a,t,c,h,i,n,g, ,E,r,r,o,r,",", ,e,i,t,h,e,r, ,n,o, ,v,a,l,i,d, ,t,h,r,e,a,d, ,m,a,t,c,h, ,o,r, ,t,h,e, ,v,a,l,i,d, ,t,h,r,e,a,d, ,m,a,t,c,h, ,w,a,s, ,u,s,e,d, ,b,y, ,a,n, ,e,a,r,l,i,e,r, ,t,r,a,n,s,a,c,t,i,o,n
[,2,7,1,6,.,0,",", ,1,1,0,9,7,9,.,0,",", ,',2,0,0,6,-,0,5,-,0,8,',",", ,7,",", ,',2,0,0,6,-,0,5,-,0,8,',",", ,',0,0,0,0,0,6,6,7,4,0,',",", ,',0,0,0,1,1,9,7,7,4,0,',],T,h,r,e,a,d,M,a,t,c,h, ,I,n,d,i,c,e,s,:, ,N,o,n,e,;, ,F,o,r,m, ,4,A, ,L,o,g,i,c, ,M,a,t,c,h,i,n,g, ,E,r,r,o,r,",", ,e,i,t,h,e,r, ,n,o, ,v,a,l,i,d, ,t,h,r,e,a,d, ,m,a,t,c,h, ,o,r, ,t,h,e, ,v,a,l,i,d, ,t,h,r,e,a,d, ,m,a,t,c,h, ,w,a,s, ,u,s,e,d, ,b,y, ,a,n, ,e,a,r,l,i,e,r, ,t,r,a,n,s,a,c,t,i,o,n
[,-,1,9,4,0,.,0,",", ,1,0,9,0,3,9,.,0,",", ,',2,0,0,6,-,0,5,-,0,8,',",", ,8,",", ,',2,0,0,6,-,0,5,-,0,8,',",", ,',0,0,0,0,0,6,6,7,4,0,',",", ,',0,0,0,1,1,9,7,7,4,0,',],T,h,r,e,a,d,M,a,t,c,h, ,I,n,d,i,c,e,s,:, ,N,o,n,e,;, ,F,o,r,m, ,4,A, ,L,o,g,i,c, ,M,a,t,c,h,i,n,g, ,E,r,r,o,r,",", ,e,i,t,h,e,r, ,n,o, ,v,a,l,i,d, ,t,h,r,e,a,d, ,m,a,t,c,h, ,o,r, ,t,h,e, ,v,a,l,i,d, ,t,h,r,e,a,d, ,m,a,t,c,h, ,w,a,s, ,u,s,e,d, ,b,y, ,a,n, ,e,a,r,l,i,e,r, ,t,r,a,n,s,a,c,t,i,o,n
[,-,3,3,0,.,0,",", ,1,0,8,7,0,9,.,0,",", ,',2,0,0,6,-,0,5,-,0,8,',",", ,9,",", ,',2,0,0,6,-,0,5,-,0,8,',",", ,',0,0,0,0,0,6,6,7,4,0,',",", ,',0,0,0,1,1,9,7,7,4,0,',],T,h,r,e,a,d,M,a,t,c,h, ,I,n,d,i,c,e,s,:, ,N,o,n,e,;, ,F,o,r,m, ,4,A, ,L,o,g,i,c, ,M,a,t,c,h,i,n,g, ,E,r,r,o,r,",", ,e,i,t,h,e,r, ,n,o, ,v,a,l,i,d, ,t,h,r,e,a,d, ,m,a,t,c,h, ,o,r, ,t,h,e, ,v,a,l,i,d, ,t,h,r,e,a,d, ,m,a,t,c,h, ,w,a,s, ,u,s,e,d, ,b,y, ,a,n, ,e,a,r,l,i,e,r, ,t,r,a,n,s,a,c,t,i,o,n
[,6,2,2,3,1,.,0,",", ,1,7,0,9,4,0,.,0,",", ,',2,0,0,6,-,0,5,-,0,8,',",", ,1,0,",", ,',2,0,0,6,-,0,5,-,0,8,',",", ,',0,0,0,0,0,6,6,7,4,0,',",", ,',0,0,0,1,1,9,7,7,4,0,',],T,h,r,e,a,d,M,a,t,c,h, ,I,n,d,i,c,e,s,:, ,N,o,n,e,;, ,F,o,r,m, ,4,A, ,L,o,g,i,c, ,M,a,t,c,h,i,n,g, ,E,r,r,o,r,",", ,e,i,t,h,e,r, ,n,o, ,v,a,l,i,d, ,t,h,r,e,a,d, ,m,a,t,c,h, ,o,r, ,t,h,e, ,v,a,l,i,d, ,t,h,r,e,a,d, ,m,a,t,c,h, ,w,a,s, ,u,s,e,d, ,b,y, ,a,n, ,e,a,r,l,i,e,r, ,t,r,a,n,s,a,c,t,i,o,n
[,-,4,5,7,6,5,.,0,",", ,1,2,5,1,7,5,.,0,",", ,',2,0,0,6,-,0,5,-,0,8,',",", ,1,1,",", ,',2,0,0,6,-,0,5,-,0,8,',",", ,',0,0,0,0,0,6,6,7,4,0,',",", ,',0,0,0,1,1,9,7,7,4,0,',],T,h,r,e,a,d,M,a,t,c,h, ,I,n,d,i,c,e,s,:, ,N,o,n,e,;, ,F,o,r,m, ,4,A, ,L,o,g,i,c, ,M,a,t,c,h,i,n,g, ,E,r,r,o,r,",", ,e,i,t,h,e,r, ,n,o, ,v,a,l,i,d, ,t,h,r,e,a,d, ,m,a,t,c,h, ,o,r, ,t,h,e, ,v,a,l,i,d, ,t,h,r,e,a,d, ,m,a,t,c,h, ,w,a,s, ,u,s,e,d, ,b,y, ,a,n, ,e,a,r,l,i,e,r, ,t,r,a,n,s,a,c,t,i,o,n
[,-,7,0,3,0,.,0,",", ,1,1,8,1,4,5,.,0,",", ,',2,0,0,6,-,0,5,-,0,8,',",", ,1,2,",", ,',2,0,0,6,-,0,5,-,0,8,',",", ,',0,0,0,0,0,6,6,7,4,0,',",", ,',0,0,0,1,1,9,7,7,4,0,',],T,h,r,e,a,d,M,a,t,c,h, ,I,n,d,i,c,e,s,:, ,N,o,n,e,;, ,F,o,r,m, ,4,A, ,L,o,g,i,c, ,M,a,t,c,h,i,n,g, ,E,r,r,o,r,",", ,e,i,t,h,e,r, ,n,o, ,v,a,l,i,d, ,t,h,r,e,a,d, ,m,a,t,c,h, ,o,r, ,t,h,e, ,v,a,l,i,d, ,t,h,r,e,a,d, ,m,a,t,c,h, ,w,a,s, ,u,s,e,d, ,b,y, ,a,n, ,e,a,r,l,i,e,r, ,t,r,a,n,s,a,c,t,i,o,n
2013-05-14-0000768251-0001298500,1,1
2013-05-14-0000768251-0001298500,2,2
2013-09-23-0000879585-0001244465,1,1
[,8,8,0,0,.,0,",", ,1,1,0,5,7,1,.,0,",", ,',2,0,1,2,-,1,2,-,0,4,',",", ,1,",", ,',2,0,1,2,-,1,2,-,0,4,',",", ,',0,0,0,0,8,7,9,5,8,5,',",", ,',0,0,0,1,2,4,4,4,6,5,',],T,h,r,e,a,d,M,a,t,c,h, ,I,n,d,i,c,e,s,:, ,N,o,n,e,;, ,F,o,r,m, ,4,A, ,L,o,g,i,c, ,M,a,t,c,h,i,n,g, ,E,r,r,o,r,",", ,e,i,t,h,e,r, ,n,o, ,v,a,l,i,d, ,t,h,r,e,a,d, ,m,a,t,c,h, ,o,r, ,t,h,e, ,v,a,l,i,d, ,t,h,r,e,a,d, ,m,a,t,c,h, ,w,a,s, ,u,s,e,d, ,b,y, ,a,n, ,e,a,r,l,i,e,r, ,t,r,a,n,s,a,c,t,i,o,n
[,-,1,3,7,7,.,0,",", ,1,0,9,1,9,4,.,0,",", ,',2,0,1,2,-,1,2,-,0,4,',",", ,2,",", ,',2,0,1,2,-,1,2,-,0,4,',",", ,',0,0,0,0,8,7,9,5,8,5,',",", ,',0,0,0,1,2,4,4,4,6,5,',],T,h,r,e,a,d,M,a,t,c,h, ,I,n,d,i,c,e,s,:, ,N,o,n,e,;, ,F,o,r,m, ,4,A, ,L,o,g,i,c, ,M,a,t,c,h,i,n,g, ,E,r,r,o,r,",", ,e,i,t,h,e,r, ,n,o, ,v,a,l,i,d, ,t,h,r,e,a,d, ,m,a,t,c,h, ,o,r, ,t,h,e, ,v,a,l,i,d, ,t,h,r,e,a,d, ,m,a,t,c,h, ,w,a,s, ,u,s,e,d, ,b,y, ,a,n, ,e,a,r,l,i,e,r, ,t,r,a,n,s,a,c,t,i,o,n
2009-02-19-0001140859-0001412636,1,1
2011-02-07-0000066740-0001378014,1,1
2011-02-07-0000066740-0001378014,2,2
[,-,2,8,6,.,0,",", ,6,5,0,1,.,0,",", ,',2,0,0,5,-,0,6,-,2,9,',",", ,1,",", ,',2,0,0,5,-,0,6,-,2,9,',",", ,',0,0,0,0,0,0,5,2,7,2,',",", ,',0,0,0,1,3,3,1,7,9,3,',],T,h,r,e,a,d,M,a,t,c,h, ,I,n,d,i,c,e,s,:, ,N,o,n,e,;, ,F,o,r,m, ,4,A, ,L,o,g,i,c, ,M,a,t,c,h,i,n,g, ,E,r,r,o,r,",", ,e,i,t,h,e,r, ,n,o, ,v,a,l,i,d, ,t,h,r,e,a,d, ,m,a,t,c,h, ,o,r, ,t,h,e, ,v,a,l,i,d, ,t,h,r,e,a,d, ,m,a,t,c,h, ,w,a,s, ,u,s,e,d, ,b,y, ,a,n, ,e,a,r,l,i,e,r, ,t,r,a,n,s,a,c,t,i,o,n
[,-,2,8,0,.,0,",", ,6,2,2,1,.,0,",", ,',2,0,0,5,-,0,8,-,1,0,',",", ,2,",", ,',2,0,0,5,-,0,6,-,2,9,',",", ,',0,0,0,0,0,0,5,2,7,2,',",", ,',0,0,0,1,3,3,1,7,9,3,',],T,h,r,e,a,d,M,a,t,c,h, ,I,n,d,i,c,e,s,:, ,N,o,n,e,;, ,F,o,r,m, ,4,A, ,L,o,g,i,c, ,M,a,t,c,h,i,n,g, ,E,r,r,o,r,",", ,e,i,t,h,e,r, ,n,o, ,v,a,l,i,d, ,t,h,r,e,a,d, ,m,a,t,c,h, ,o,r, ,t,h,e, ,v,a,l,i,d, ,t,h,r,e,a,d, ,m,a,t,c,h, ,w,a,s, ,u,s,e,d, ,b,y, ,a,n, ,e,a,r,l,i,e,r, ,t,r,a,n,s,a,c,t,i,o,n
2005-12-13-0000005272-0001236606,1,1
2011-02-07-0000066740-0001197743,1,1
2011-02-07-0000066740-0001197743,2,2
2011-02-07-0000066740-0001197743,3,3
2011-03-15-0000882095-0001314870,1,1
2011-03-15-0000882095-0001314870,2,2
[,-,5,0,0,.,0,",", ,5,7,2,1,.,0,",", ,',2,0,0,5,-,1,1,-,1,6,',",", ,1,",", ,',2,0,0,5,-,1,1,-,1,6,',",", ,',0,0,0,0,0,0,5,2,7,2,',",", ,',0,0,0,1,3,3,1,7,9,3,',],T,h,r,e,a,d,M,a,t,c,h, ,I,n,d,i,c,e,s,:, ,N,o,n,e,;, ,F,o,r,m, ,4,A, ,L,o,g,i,c, ,M,a,t,c,h,i,n,g, ,E,r,r,o,r,",", ,e,i,t,h,e,r, ,n,o, ,v,a,l,i,d, ,t,h,r,e,a,d, ,m,a,t,c,h, ,o,r, ,t,h,e, ,v,a,l,i,d, ,t,h,r,e,a,d, ,m,a,t,c,h, ,w,a,s, ,u,s,e,d, ,b,y, ,a,n, ,e,a,r,l,i,e,r, ,t,r,a,n,s,a,c,t,i,o,n
[,-,6,0,0,.,0,",", ,5,1,2,1,.,0,",", ,',2,0,0,5,-,1,1,-,1,7,',",", ,2,",", ,',2,0,0,5,-,1,1,-,1,6,',",", ,',0,0,0,0,0,0,5,2,7,2,',",", ,',0,0,0,1,3,3,1,7,9,3,',],T,h,r,e,a,d,M,a,t,c,h, ,I,n,d,i,c,e,s,:, ,N,o,n,e,;, ,F,o,r,m, ,4,A, ,L,o,g,i,c, ,M,a,t,c,h,i,n,g, ,E,r,r,o,r,",", ,e,i,t,h,e,r, ,n,o, ,v,a,l,i,d, ,t,h,r,e,a,d, ,m,a,t,c,h, ,o,r, ,t,h,e, ,v,a,l,i,d, ,t,h,r,e,a,d, ,m,a,t,c,h, ,w,a,s, ,u,s,e,d, ,b,y, ,a,n, ,e,a,r,l,i,e,r, ,t,r,a,n,s,a,c,t,i,o,n
[,-,5,3,1,.,0,",", ,4,5,9,0,.,0,",", ,',2,0,0,5,-,1,2,-,1,3,',",", ,3,",", ,',2,0,0,5,-,1,1,-,1,6,',",", ,',0,0,0,0,0,0,5,2,7,2,',",", ,',0,0,0,1,3,3,1,7,9,3,',],T,h,r,e,a,d,M,a,t,c,h, ,I,n,d,i,c,e,s,:, ,N,o,n,e,;, ,F,o,r,m, ,4,A, ,L,o,g,i,c, ,M,a,t,c,h,i,n,g, ,E,r,r,o,r,",", ,e,i,t,h,e,r, ,n,o, ,v,a,l,i,d, ,t,h,r,e,a,d, ,m,a,t,c,h, ,o,r, ,t,h,e, ,v,a,l,i,d, ,t,h,r,e,a,d, ,m,a,t,c,h, ,w,a,s, ,u,s,e,d, ,b,y, ,a,n, ,e,a,r,l,i,e,r, ,t,r,a,n,s,a,c,t,i,o,n
2011-01-31-0000004962-0001392134,1,1
2011-01-31-0000004962-0001392134,2,2
[,1,3,4,5,0,.,0,",", ,4,6,9,5,0,.,0,",", ,',2,0,0,8,-,1,1,-,1,2,',",", ,1,",", ,',2,0,0,8,-,1,1,-,1,2,',",", ,',0,0,0,0,8,8,2,0,9,5,',",", ,',0,0,0,1,1,9,8,2,2,9,',],T,h,r,e,a,d,M,a,t,c,h, ,I,n,d,i,c,e,s,:, ,N,o,n,e,;, ,F,o,r,m, ,4,A, ,L,o,g,i,c, ,M,a,t,c,h,i,n,g, ,E,r,r,o,r,",", ,e,i,t,h,e,r, ,n,o, ,v,a,l,i,d, ,t,h,r,e,a,d, ,m,a,t,c,h, ,o,r, ,t,h,e, ,v,a,l,i,d, ,t,h,r,e,a,d, ,m,a,t,c,h, ,w,a,s, ,u,s,e,d, ,b,y, ,a,n, ,e,a,r,l,i,e,r, ,t,r,a,n,s,a,c,t,i,o,n
[,-,1,3,4,5,0,.,0,",", ,3,3,5,0,0,.,0,",", ,',2,0,0,8,-,1,1,-,1,2,',",", ,2,",", ,',2,0,0,8,-,1,1,-,1,2,',",", ,',0,0,0,0,8,8,2,0,9,5,',",", ,',0,0,0,1,1,9,8,2,2,9,',],T,h,r,e,a,d,M,a,t,c,h, ,I,n,d,i,c,e,s,:, ,N,o,n,e,;, ,F,o,r,m, ,4,A, ,L,o,g,i,c, ,M,a,t,c,h,i,n,g, ,E,r,r,o,r,",", ,e,i,t,h,e,r, ,n,o, ,v,a,l,i,d, ,t,h,r,e,a,d, ,m,a,t,c,h, ,o,r, ,t,h,e, ,v,a,l,i,d, ,t,h,r,e,a,d, ,m,a,t,c,h, ,w,a,s, ,u,s,e,d, ,b,y, ,a,n, ,e,a,r,l,i,e,r, ,t,r,a,n,s,a,c,t,i,o,n
[,2,0,2,4,.,0,",", ,2,0,2,4,.,0,",", ,',2,0,0,2,-,0,2,-,0,8,',",", ,1,",", ,',2,0,0,2,-,0,5,-,2,0,',",", ,',0,0,0,1,0,0,2,9,1,0,',",", ,',0,0,0,1,1,9,0,1,0,0,',],T,h,r,e,a,d,M,a,t,c,h, ,I,n,d,i,c,e,s,:, ,N,o,n,e,;, ,F,o,r,m, ,4,A, ,L,o,g,i,c, ,M,a,t,c,h,i,n,g, ,E,r,r,o,r,",", ,e,i,t,h,e,r, ,n,o, ,v,a,l,i,d, ,t,h,r,e,a,d, ,m,a,t,c,h, ,o,r, ,t,h,e, ,v,a,l,i,d, ,t,h,r,e,a,d, ,m,a,t,c,h, ,w,a,s, ,u,s,e,d, ,b,y, ,a,n, ,e,a,r,l,i,e,r, ,t,r,a,n,s,a,c,t,i,o,n
[,2,4,.,0,",", ,2,0,4,8,.,0,",", ,',2,0,0,2,-,0,3,-,1,5,',",", ,2,",", ,',2,0,0,2,-,0,5,-,2,0,',",", ,',0,0,0,1,0,0,2,9,1,0,',",", ,',0,0,0,1,1,9,0,1,0,0,',],T,h,r,e,a,d,M,a,t,c,h, ,I,n,d,i,c,e,s,:, ,N,o,n,e,;, ,F,o,r,m, ,4,A, ,L,o,g,i,c, ,M,a,t,c,h,i,n,g, ,E,r,r,o,r,",", ,e,i,t,h,e,r, ,n,o, ,v,a,l,i,d, ,t,h,r,e,a,d, ,m,a,t,c,h, ,o,r, ,t,h,e, ,v,a,l,i,d, ,t,h,r,e,a,d, ,m,a,t,c,h, ,w,a,s, ,u,s,e,d, ,b,y, ,a,n, ,e,a,r,l,i,e,r, ,t,r,a,n,s,a,c,t,i,o,n
[,9,3,.,0,",", ,2,1,4,1,.,0,",", ,',2,0,0,2,-,0,3,-,2,9,',",", ,3,",", ,',2,0,0,2,-,0,5,-,2,0,',",", ,',0,0,0,1,0,0,2,9,1,0,',",", ,',0,0,0,1,1,9,0,1,0,0,',],T,h,r,e,a,d,M,a,t,c,h, ,I,n,d,i,c,e,s,:, ,N,o,n,e,;, ,F,o,r,m, ,4,A, ,L,o,g,i,c, ,M,a,t,c,h,i,n,g, ,E,r,r,o,r,",", ,e,i,t,h,e,r, ,n,o, ,v,a,l,i,d, ,t,h,r,e,a,d, ,m,a,t,c,h, ,o,r, ,t,h,e, ,v,a,l,i,d, ,t,h,r,e,a,d, ,m,a,t,c,h, ,w,a,s, ,u,s,e,d, ,b,y, ,a,n, ,e,a,r,l,i,e,r, ,t,r,a,n,s,a,c,t,i,o,n
[,3,0,0,.,0,",", ,2,4,4,1,.,0,",", ,',2,0,0,2,-,0,5,-,2,0,',",", ,4,",", ,',2,0,0,2,-,0,5,-,2,0,',",", ,',0,0,0,1,0,0,2,9,1,0,',",", ,',0,0,0,1,1,9,0,1,0,0,',],T,h,r,e,a,d,M,a,t,c,h, ,I,n,d,i,c,e,s,:, ,N,o,n,e,;, ,F,o,r,m, ,4,A, ,L,o,g,i,c, ,M,a,t,c,h,i,n,g, ,E,r,r,o,r,",", ,e,i,t,h,e,r, ,n,o, ,v,a,l,i,d, ,t,h,r,e,a,d, ,m,a,t,c,h, ,o,r, ,t,h,e, ,v,a,l,i,d, ,t,h,r,e,a,d, ,m,a,t,c,h, ,w,a,s, ,u,s,e,d, ,b,y, ,a,n, ,e,a,r,l,i,e,r, ,t,r,a,n,s,a,c,t,i,o,n
2009-01-12-0000004281-0001127285,1,1
2013-09-30-0001467858-0001594133,1,1
2013-09-30-0001467858-0001594133,2,2
2013-09-30-0001467858-0001594133,3,3
2013-09-30-0001467858-0001594133,4,4
2013-09-30-0001467858-0001594133,5,5
2013-09-30-0001467858-0001594133,6,6
2013-09-30-0001467858-0001594133,7,7
2013-09-30-0001467858-0001594133,8,8
2013-09-30-0001467858-0001594133,9,9
2013-09-30-0001467858-0001594133,10,10
2013-09-30-0001467858-0001594133,11,earlier 4/A xn match supersedes
2013-09-30-0001467858-0001594133,12,11
2013-09-30-0001467858-0001594133,13,13
2013-09-30-0001467858-0001594133,14,14
2013-09-30-0001467858-0001594133,15,15
2013-09-30-0001467858-0001594133,16,16
2013-09-30-0001467858-0001594133,17,17
2013-09-30-0001467858-0001594133,18,18
2013-09-30-0001467858-0001594133,19,earlier 4/A xn match supersedes
[,-,4,0,0,.,0,",", ,4,0,0,0,.,0,",", ,',2,0,0,3,-,0,8,-,0,7,',",", ,1,",", ,',2,0,0,3,-,0,8,-,0,7,',",", ,',0,0,0,0,0,0,5,2,7,2,',",", ,',0,0,0,1,1,8,3,3,1,2,',],T,h,r,e,a,d,M,a,t,c,h, ,I,n,d,i,c,e,s,:, ,N,o,n,e,;, ,F,o,r,m, ,4,A, ,L,o,g,i,c, ,M,a,t,c,h,i,n,g, ,E,r,r,o,r,",", ,e,i,t,h,e,r, ,n,o, ,v,a,l,i,d, ,t,h,r,e,a,d, ,m,a,t,c,h, ,o,r, ,t,h,e, ,v,a,l,i,d, ,t,h,r,e,a,d, ,m,a,t,c,h, ,w,a,s, ,u,s,e,d, ,b,y, ,a,n, ,e,a,r,l,i,e,r, ,t,r,a,n,s,a,c,t,i,o,n
[,1,2,5,.,0,",", ,2,5,0,.,0,",", ,',2,0,0,3,-,0,9,-,0,2,',",", ,2,",", ,',2,0,0,3,-,0,8,-,0,7,',",", ,',0,0,0,0,0,0,5,2,7,2,',",", ,',0,0,0,1,1,8,3,3,1,2,',],T,h,r,e,a,d,M,a,t,c,h, ,I,n,d,i,c,e,s,:, ,N,o,n,e,;, ,F,o,r,m, ,4,A, ,L,o,g,i,c, ,M,a,t,c,h,i,n,g, ,E,r,r,o,r,",", ,e,i,t,h,e,r, ,n,o, ,v,a,l,i,d, ,t,h,r,e,a,d, ,m,a,t,c,h, ,o,r, ,t,h,e, ,v,a,l,i,d, ,t,h,r,e,a,d, ,m,a,t,c,h, ,w,a,s, ,u,s,e,d, ,b,y, ,a,n, ,e,a,r,l,i,e,r, ,t,r,a,n,s,a,c,t,i,o,n
2011-02-07-0000066740-0001377945,1,1
2011-02-07-0000066740-0001377945,2,2
2011-03-15-0000882095-0001191589,1,1
2011-03-15-0000882095-0001191589,2,2
2007-04-16-0000005272-0001236615,1,1
[,-,2,0,0,0,0,0,.,0,",", ,2,7,2,7,0,0,0,4,2,.,0,",", ,',2,0,0,7,-,0,5,-,0,1,',",", ,2,",", ,',2,0,0,7,-,0,4,-,1,6,',",", ,',0,0,0,0,0,0,5,2,7,2,',",", ,',0,0,0,1,2,3,6,6,1,5,',],T,h,r,e,a,d,M,a,t,c,h, ,I,n,d,i,c,e,s,:, ,N,o,n,e,;, ,F,o,r,m, ,4,A, ,L,o,g,i,c, ,M,a,t,c,h,i,n,g, ,E,r,r,o,r,",", ,e,i,t,h,e,r, ,n,o, ,v,a,l,i,d, ,t,h,r,e,a,d, ,m,a,t,c,h, ,o,r, ,t,h,e, ,v,a,l,i,d, ,t,h,r,e,a,d, ,m,a,t,c,h, ,w,a,s, ,u,s,e,d, ,b,y, ,a,n, ,e,a,r,l,i,e,r, ,t,r,a,n,s,a,c,t,i,o,n
[,-,2,0,0,0,0,0,.,0,",", ,2,7,2,5,0,0,0,4,2,.,0,",", ,',2,0,0,7,-,0,5,-,0,1,',",", ,3,",", ,',2,0,0,7,-,0,4,-,1,6,',",", ,',0,0,0,0,0,0,5,2,7,2,',",", ,',0,0,0,1,2,3,6,6,1,5,',],T,h,r,e,a,d,M,a,t,c,h, ,I,n,d,i,c,e,s,:, ,N,o,n,e,;, ,F,o,r,m, ,4,A, ,L,o,g,i,c, ,M,a,t,c,h,i,n,g, ,E,r,r,o,r,",", ,e,i,t,h,e,r, ,n,o, ,v,a,l,i,d, ,t,h,r,e,a,d, ,m,a,t,c,h, ,o,r, ,t,h,e, ,v,a,l,i,d, ,t,h,r,e,a,d, ,m,a,t,c,h, ,w,a,s, ,u,s,e,d, ,b,y, ,a,n, ,e,a,r,l,i,e,r, ,t,r,a,n,s,a,c,t,i,o,n
[,-,3,2,4,4,8,6,.,0,",", ,2,7,2,1,7,5,5,5,6,.,0,",", ,',2,0,0,7,-,0,5,-,0,1,',",", ,4,",", ,',2,0,0,7,-,0,4,-,1,6,',",", ,',0,0,0,0,0,0,5,2,7,2,',",", ,',0,0,0,1,2,3,6,6,1,5,',],T,h,r,e,a,d,M,a,t,c,h, ,I,n,d,i,c,e,s,:, ,N,o,n,e,;, ,F,o,r,m, ,4,A, ,L,o,g,i,c, ,M,a,t,c,h,i,n,g, ,E,r,r,o,r,",", ,e,i,t,h,e,r, ,n,o, ,v,a,l,i,d, ,t,h,r,e,a,d, ,m,a,t,c,h, ,o,r, ,t,h,e, ,v,a,l,i,d, ,t,h,r,e,a,d, ,m,a,t,c,h, ,w,a,s, ,u,s,e,d, ,b,y, ,a,n, ,e,a,r,l,i,e,r, ,t,r,a,n,s,a,c,t,i,o,n
[,-,2,0,0,0,0,0,.,0,",", ,2,7,1,9,7,5,5,5,6,.,0,",", ,',2,0,0,7,-,0,5,-,0,2,',",", ,5,",", ,',2,0,0,7,-,0,4,-,1,6,',",", ,',0,0,0,0,0,0,5,2,7,2,',",", ,',0,0,0,1,2,3,6,6,1,5,',],T,h,r,e,a,d,M,a,t,c,h, ,I,n,d,i,c,e,s,:, ,N,o,n,e,;, ,F,o,r,m, ,4,A, ,L,o,g,i,c, ,M,a,t,c,h,i,n,g, ,E,r,r,o,r,",", ,e,i,t,h,e,r, ,n,o, ,v,a,l,i,d, ,t,h,r,e,a,d, ,m,a,t,c,h, ,o,r, ,t,h,e, ,v,a,l,i,d, ,t,h,r,e,a,d, ,m,a,t,c,h, ,w,a,s, ,u,s,e,d, ,b,y, ,a,n, ,e,a,r,l,i,e,r, ,t,r,a,n,s,a,c,t,i,o,n
[,-,2,0,0,0,0,0,.,0,",", ,2,7,1,7,7,5,5,5,6,.,0,",", ,',2,0,0,7,-,0,5,-,0,2,',",", ,6,",", ,',2,0,0,7,-,0,4,-,1,6,',",", ,',0,0,0,0,0,0,5,2,7,2,',",", ,',0,0,0,1,2,3,6,6,1,5,',],T,h,r,e,a,d,M,a,t,c,h, ,I,n,d,i,c,e,s,:, ,N,o,n,e,;, ,F,o,r,m, ,4,A, ,L,o,g,i,c, ,M,a,t,c,h,i,n,g, ,E,r,r,o,r,",", ,e,i,t,h,e,r, ,n,o, ,v,a,l,i,d, ,t,h,r,e,a,d, ,m,a,t,c,h, ,o,r, ,t,h,e, ,v,a,l,i,d, ,t,h,r,e,a,d, ,m,a,t,c,h, ,w,a,s, ,u,s,e,d, ,b,y, ,a,n, ,e,a,r,l,i,e,r, ,t,r,a,n,s,a,c,t,i,o,n
2013-02-05-0000066740-0001197743,1,1
2013-02-05-0000066740-0001197743,2,2
2011-12-19-0000005272-0001530806,1,1
2011-12-19-0000005272-0001530806,2,2
2011-12-19-0000005272-0001530806,3,3
2011-12-19-0000005272-0001530806,4,4
2011-12-19-0000005272-0001530806,5,5
2011-12-19-0000005272-0001530806,6,6
[,1,1,3,2,.,0,",", ,1,3,1,8,.,0,",", ,',2,0,0,6,-,0,5,-,1,1,',",", ,1,",", ,',2,0,0,6,-,0,5,-,1,1,',",", ,',0,0,0,1,1,4,0,8,5,9,',",", ,',0,0,0,1,1,8,6,3,7,3,',],T,h,r,e,a,d,M,a,t,c,h, ,I,n,d,i,c,e,s,:, ,N,o,n,e,;, ,F,o,r,m, ,4,A, ,L,o,g,i,c, ,M,a,t,c,h,i,n,g, ,E,r,r,o,r,",", ,e,i,t,h,e,r, ,n,o, ,v,a,l,i,d, ,t,h,r,e,a,d, ,m,a,t,c,h, ,o,r, ,t,h,e, ,v,a,l,i,d, ,t,h,r,e,a,d, ,m,a,t,c,h, ,w,a,s, ,u,s,e,d, ,b,y, ,a,n, ,e,a,r,l,i,e,r, ,t,r,a,n,s,a,c,t,i,o,n
[,-,8,9,9,0,.,0,",", ,2,2,8,5,4,0,7,3,4,.,0,",", ,',2,0,0,8,-,0,1,-,1,5,',",", ,1,",", ,',2,0,0,8,-,0,1,-,1,5,',",", ,',0,0,0,0,0,0,5,2,7,2,',",", ,',0,0,0,1,2,3,6,6,1,5,',],T,h,r,e,a,d,M,a,t,c,h, ,I,n,d,i,c,e,s,:, ,N,o,n,e,;, ,F,o,r,m, ,4,A, ,L,o,g,i,c, ,M,a,t,c,h,i,n,g, ,E,r,r,o,r,",", ,e,i,t,h,e,r, ,n,o, ,v,a,l,i,d, ,t,h,r,e,a,d, ,m,a,t,c,h, ,o,r, ,t,h,e, ,v,a,l,i,d, ,t,h,r,e,a,d, ,m,a,t,c,h, ,w,a,s, ,u,s,e,d, ,b,y, ,a,n, ,e,a,r,l,i,e,r, ,t,r,a,n,s,a,c,t,i,o,n
2012-10-05-0000066740-0001197743,1,1
2012-10-05-0000066740-0001197743,2,2
2012-10-05-0000066740-0001197743,3,3
2012-10-05-0000066740-0001197743,4,4
2013-02-05-0000066740-0001444612,1,1
2013-02-05-0000066740-0001444612,2,2
[,-,1,5,0,0,0,.,0,",", ,2,6,9,8,.,0,",", ,',2,0,0,7,-,1,0,-,3,0,',",", ,1,",", ,',2,0,0,7,-,1,0,-,3,0,',",", ,',0,0,0,1,0,8,6,2,2,2,',",", ,',0,0,0,1,2,9,1,4,7,5,',],T,h,r,e,a,d,M,a,t,c,h, ,I,n,d,i,c,e,s,:, ,N,o,n,e,;, ,F,o,r,m, ,4,A, ,L,o,g,i,c, ,M,a,t,c,h,i,n,g, ,E,r,r,o,r,",", ,e,i,t,h,e,r, ,n,o, ,v,a,l,i,d, ,t,h,r,e,a,d, ,m,a,t,c,h, ,o,r, ,t,h,e, ,v,a,l,i,d, ,t,h,r,e,a,d, ,m,a,t,c,h, ,w,a,s, ,u,s,e,d, ,b,y, ,a,n, ,e,a,r,l,i,e,r, ,t,r,a,n,s,a,c,t,i,o,n
[,4,0,0,0,.,0,",", ,1,6,8,3,9,.,0,",", ,',2,0,0,6,-,1,2,-,2,0,',",", ,1,",", ,',2,0,0,6,-,1,2,-,2,0,',",", ,',0,0,0,0,8,8,2,0,9,5,',",", ,',0,0,0,1,2,5,8,4,4,5,',],T,h,r,e,a,d,M,a,t,c,h, ,I,n,d,i,c,e,s,:, ,N,o,n,e,;, ,F,o,r,m, ,4,A, ,L,o,g,i,c, ,M,a,t,c,h,i,n,g, ,E,r,r,o,r,",", ,e,i,t,h,e,r, ,n,o, ,v,a,l,i,d, ,t,h,r,e,a,d, ,m,a,t,c,h, ,o,r, ,t,h,e, ,v,a,l,i,d, ,t,h,r,e,a,d, ,m,a,t,c,h, ,w,a,s, ,u,s,e,d, ,b,y, ,a,n, ,e,a,r,l,i,e,r, ,t,r,a,n,s,a,c,t,i,o,n
2007-06-19-0000005272-0001236615,1,1
2007-06-19-0000005272-0001236615,2,2
2007-06-19-0000005272-0001236615,3,3
[,1,0,0,0,0,.,0,",", ,1,0,0,0,0,.,0,",", ,',2,0,0,7,-,0,9,-,1,7,',",", ,1,",", ,',2,0,0,7,-,0,9,-,1,7,',",", ,',0,0,0,0,8,7,9,5,8,5,',",", ,',0,0,0,1,4,1,0,3,9,4,',],T,h,r,e,a,d,M,a,t,c,h, ,I,n,d,i,c,e,s,:, ,N,o,n,e,;, ,F,o,r,m, ,4,A, ,L,o,g,i,c, ,M,a,t,c,h,i,n,g, ,E,r,r,o,r,",", ,e,i,t,h,e,r, ,n,o, ,v,a,l,i,d, ,t,h,r,e,a,d, ,m,a,t,c,h, ,o,r, ,t,h,e, ,v,a,l,i,d, ,t,h,r,e,a,d, ,m,a,t,c,h, ,w,a,s, ,u,s,e,d, ,b,y, ,a,n, ,e,a,r,l,i,e,r, ,t,r,a,n,s,a,c,t,i,o,n
[,-,3,3,3,3,.,0,",", ,6,6,6,7,.,0,",", ,',2,0,0,7,-,0,9,-,1,7,',",", ,2,",", ,',2,0,0,7,-,0,9,-,1,7,',",", ,',0,0,0,0,8,7,9,5,8,5,',",", ,',0,0,0,1,4,1,0,3,9,4,',],T,h,r,e,a,d,M,a,t,c,h, ,I,n,d,i,c,e,s,:, ,N,o,n,e,;, ,F,o,r,m, ,4,A, ,L,o,g,i,c, ,M,a,t,c,h,i,n,g, ,E,r,r,o,r,",", ,e,i,t,h,e,r, ,n,o, ,v,a,l,i,d, ,t,h,r,e,a,d, ,m,a,t,c,h, ,o,r, ,t,h,e, ,v,a,l,i,d, ,t,h,r,e,a,d, ,m,a,t,c,h, ,w,a,s, ,u,s,e,d, ,b,y, ,a,n, ,e,a,r,l,i,e,r, ,t,r,a,n,s,a,c,t,i,o,n
2011-02-07-0000066740-0001304956,1,1
2011-02-07-0000066740-0001304956,2,2
2011-02-07-0000066740-0001304501,1,1
2011-02-07-0000066740-0001304501,2,2
[,2,0,8,3,.,0,",", ,3,3,3,3,.,0,",", ,',2,0,1,1,-,0,2,-,1,6,',",", ,1,",", ,',2,0,1,1,-,0,2,-,1,6,',",", ,',0,0,0,1,1,4,0,8,5,9,',",", ,',0,0,0,1,4,8,5,9,8,9,',],T,h,r,e,a,d,M,a,t,c,h, ,I,n,d,i,c,e,s,:, ,N,o,n,e,;, ,F,o,r,m, ,4,A, ,L,o,g,i,c, ,M,a,t,c,h,i,n,g, ,E,r,r,o,r,",", ,e,i,t,h,e,r, ,n,o, ,v,a,l,i,d, ,t,h,r,e,a,d, ,m,a,t,c,h, ,o,r, ,t,h,e, ,v,a,l,i,d, ,t,h,r,e,a,d, ,m,a,t,c,h, ,w,a,s, ,u,s,e,d, ,b,y, ,a,n, ,e,a,r,l,i,e,r, ,t,r,a,n,s,a,c,t,i,o,n
[,-,3,1,.,0,",", ,4,4,5,1,1,.,0,",", ,',2,0,0,4,-,0,1,-,2,0,',",", ,1,",", ,',2,0,0,4,-,0,1,-,2,0,',",", ,',0,0,0,0,0,6,6,7,4,0,',",", ,',0,0,0,1,1,9,7,7,4,6,',],T,h,r,e,a,d,M,a,t,c,h, ,I,n,d,i,c,e,s,:, ,N,o,n,e,;, ,F,o,r,m, ,4,A, ,L,o,g,i,c, ,M,a,t,c,h,i,n,g, ,E,r,r,o,r,",", ,e,i,t,h,e,r, ,n,o, ,v,a,l,i,d, ,t,h,r,e,a,d, ,m,a,t,c,h, ,o,r, ,t,h,e, ,v,a,l,i,d, ,t,h,r,e,a,d, ,m,a,t,c,h, ,w,a,s, ,u,s,e,d, ,b,y, ,a,n, ,e,a,r,l,i,e,r, ,t,r,a,n,s,a,c,t,i,o,n
2007-02-09-0000005272-0001236615,1,1
[,-,4,9,5,.,0,",", ,1,3,2,2,7,1,4,9,.,0,",", ,',2,0,0,9,-,0,7,-,2,9,',",", ,1,",", ,',2,0,0,9,-,0,9,-,0,1,',",", ,',0,0,0,0,0,0,5,2,7,2,',",", ,',0,0,0,1,2,3,6,6,1,5,',],T,h,r,e,a,d,M,a,t,c,h, ,I,n,d,i,c,e,s,:, ,N,o,n,e,;, ,F,o,r,m, ,4,A, ,L,o,g,i,c, ,M,a,t,c,h,i,n,g, ,E,r,r,o,r,",", ,e,i,t,h,e,r, ,n,o, ,v,a,l,i,d, ,t,h,r,e,a,d, ,m,a,t,c,h, ,o,r, ,t,h,e, ,v,a,l,i,d, ,t,h,r,e,a,d, ,m,a,t,c,h, ,w,a,s, ,u,s,e,d, ,b,y, ,a,n, ,e,a,r,l,i,e,r, ,t,r,a,n,s,a,c,t,i,o,n
2012-11-14-0001140859-0001191508,1,1
2010-02-05-0001086222-0001344702,1,4
2011-03-15-0000882095-0001334682,1,1
2011-03-15-0000882095-0001334682,2,2
[,-,1,5,0,.,0,",", ,2,9,5,9,9,.,0,",", ,',2,0,0,4,-,0,4,-,0,7,',",", ,1,",", ,',2,0,0,4,-,0,4,-,0,7,',",", ,',0,0,0,0,0,0,5,2,7,2,',",", ,',0,0,0,1,2,3,6,5,9,3,',],T,h,r,e,a,d,M,a,t,c,h, ,I,n,d,i,c,e,s,:, ,N,o,n,e,;, ,F,o,r,m, ,4,A, ,L,o,g,i,c, ,M,a,t,c,h,i,n,g, ,E,r,r,o,r,",", ,e,i,t,h,e,r, ,n,o, ,v,a,l,i,d, ,t,h,r,e,a,d, ,m,a,t,c,h, ,o,r, ,t,h,e, ,v,a,l,i,d, ,t,h,r,e,a,d, ,m,a,t,c,h, ,w,a,s, ,u,s,e,d, ,b,y, ,a,n, ,e,a,r,l,i,e,r, ,t,r,a,n,s,a,c,t,i,o,n
2008-11-10-0000066740-0001328535,1,1
[,-,3,8,4,6,2,.,0,",", ,4,5,6,0,1,6,5,.,0,",", ,',2,0,0,6,-,0,1,-,1,8,',",", ,1,",", ,',2,0,0,6,-,0,1,-,1,8,',",", ,',0,0,0,1,0,8,6,2,2,2,',",", ,',0,0,0,1,1,0,6,2,3,1,',],T,h,r,e,a,d,M,a,t,c,h, ,I,n,d,i,c,e,s,:, ,N,o,n,e,;, ,F,o,r,m, ,4,A, ,L,o,g,i,c, ,M,a,t,c,h,i,n,g, ,E,r,r,o,r,",", ,e,i,t,h,e,r, ,n,o, ,v,a,l,i,d, ,t,h,r,e,a,d, ,m,a,t,c,h, ,o,r, ,t,h,e, ,v,a,l,i,d, ,t,h,r,e,a,d, ,m,a,t,c,h, ,w,a,s, ,u,s,e,d, ,b,y, ,a,n, ,e,a,r,l,i,e,r, ,t,r,a,n,s,a,c,t,i,o,n
[,-,3,8,4,6,2,.,0,",", ,4,5,2,1,7,0,3,.,0,",", ,',2,0,0,6,-,0,1,-,1,9,',",", ,2,",", ,',2,0,0,6,-,0,1,-,1,8,',",", ,',0,0,0,1,0,8,6,2,2,2,',",", ,',0,0,0,1,1,0,6,2,3,1,',],T,h,r,e,a,d,M,a,t,c,h, ,I,n,d,i,c,e,s,:, ,N,o,n,e,;, ,F,o,r,m, ,4,A, ,L,o,g,i,c, ,M,a,t,c,h,i,n,g, ,E,r,r,o,r,",", ,e,i,t,h,e,r, ,n,o, ,v,a,l,i,d, ,t,h,r,e,a,d, ,m,a,t,c,h, ,o,r, ,t,h,e, ,v,a,l,i,d, ,t,h,r,e,a,d, ,m,a,t,c,h, ,w,a,s, ,u,s,e,d, ,b,y, ,a,n, ,e,a,r,l,i,e,r, ,t,r,a,n,s,a,c,t,i,o,n
2008-06-02-0000768251-0001209871,1,2
2005-01-14-0000804212-0000908893,1,1
2005-01-14-0000804212-0000908893,2,2
2005-01-14-0000804212-0000908893,3,3
2005-01-14-0000804212-0000908893,4,4
2009-04-23-0001037868-0001190200,1,1
2010-06-15-0000004281-0001213731,1,1
2004-02-03-0001037868-0001190201,2,1
2006-02-01-0000051143-0001180460,1,2
2014-02-04-0000066740-0001465913,1,2
[,6,0,0,0,0,.,0,",", ,2,8,2,2,8,1,.,0,",", ,',2,0,0,8,-,1,2,-,0,1,',",", ,1,",", ,',2,0,0,8,-,1,2,-,0,1,',",", ,',0,0,0,0,8,8,2,0,9,5,',",", ,',0,0,0,1,1,9,1,5,8,9,',],T,h,r,e,a,d,M,a,t,c,h, ,I,n,d,i,c,e,s,:, ,N,o,n,e,;, ,F,o,r,m, ,4,A, ,L,o,g,i,c, ,M,a,t,c,h,i,n,g, ,E,r,r,o,r,",", ,e,i,t,h,e,r, ,n,o, ,v,a,l,i,d, ,t,h,r,e,a,d, ,m,a,t,c,h, ,o,r, ,t,h,e, ,v,a,l,i,d, ,t,h,r,e,a,d, ,m,a,t,c,h, ,w,a,s, ,u,s,e,d, ,b,y, ,a,n, ,e,a,r,l,i,e,r, ,t,r,a,n,s,a,c,t,i,o,n
[,-,6,0,0,0,0,.,0,",", ,2,2,2,2,8,1,.,0,",", ,',2,0,0,8,-,1,2,-,0,1,',",", ,2,",", ,',2,0,0,8,-,1,2,-,0,1,',",", ,',0,0,0,0,8,8,2,0,9,5,',",", ,',0,0,0,1,1,9,1,5,8,9,',],T,h,r,e,a,d,M,a,t,c,h, ,I,n,d,i,c,e,s,:, ,N,o,n,e,;, ,F,o,r,m, ,4,A, ,L,o,g,i,c, ,M,a,t,c,h,i,n,g, ,E,r,r,o,r,",", ,e,i,t,h,e,r, ,n,o, ,v,a,l,i,d, ,t,h,r,e,a,d, ,m,a,t,c,h, ,o,r, ,t,h,e, ,v,a,l,i,d, ,t,h,r,e,a,d, ,m,a,t,c,h, ,w,a,s, ,u,s,e,d, ,b,y, ,a,n, ,e,a,r,l,i,e,r, ,t,r,a,n,s,a,c,t,i,o,n
2007-01-29-0000768251-0001209873,1,1
2007-01-29-0000768251-0001209873,2,2
2007-01-29-0000768251-0001209873,3,3
2007-01-29-0000768251-0001209873,4,4
2007-01-29-0000768251-0001209873,5,5
2007-01-29-0000768251-0001209873,6,6
2013-02-05-0000066740-0001518599,1,1
2013-02-05-0000066740-0001518599,2,2
[,-,1,7,1,2,.,0,",", ,1,1,0,6,1,.,0,",", ,',2,0,0,8,-,1,0,-,2,9,',",", ,1,",", ,',2,0,0,8,-,1,0,-,3,0,',",", ,',0,0,0,0,3,1,8,1,5,4,',",", ,',0,0,0,1,3,3,5,3,1,1,',],T,h,r,e,a,d,M,a,t,c,h, ,I,n,d,i,c,e,s,:, ,N,o,n,e,;, ,F,o,r,m, ,4,A, ,L,o,g,i,c, ,M,a,t,c,h,i,n,g, ,E,r,r,o,r,",", ,e,i,t,h,e,r, ,n,o, ,v,a,l,i,d, ,t,h,r,e,a,d, ,m,a,t,c,h, ,o,r, ,t,h,e, ,v,a,l,i,d, ,t,h,r,e,a,d, ,m,a,t,c,h, ,w,a,s, ,u,s,e,d, ,b,y, ,a,n, ,e,a,r,l,i,e,r, ,t,r,a,n,s,a,c,t,i,o,n
2013-02-05-0000066740-0001546559,1,1
2013-02-05-0000066740-0001546559,2,2
[,-,3,4,3,6,.,0,",", ,3,1,1,3,4,7,5,1,4,.,0,",", ,',2,0,0,4,-,0,5,-,1,0,',",", ,1,",", ,',2,0,0,4,-,0,5,-,1,0,',",", ,',0,0,0,0,0,0,5,2,7,2,',",", ,',0,0,0,1,2,3,6,6,1,5,',],T,h,r,e,a,d,M,a,t,c,h, ,I,n,d,i,c,e,s,:, ,N,o,n,e,;, ,F,o,r,m, ,4,A, ,L,o,g,i,c, ,M,a,t,c,h,i,n,g, ,E,r,r,o,r,",", ,e,i,t,h,e,r, ,n,o, ,v,a,l,i,d, ,t,h,r,e,a,d, ,m,a,t,c,h, ,o,r, ,t,h,e, ,v,a,l,i,d, ,t,h,r,e,a,d, ,m,a,t,c,h, ,w,a,s, ,u,s,e,d, ,b,y, ,a,n, ,e,a,r,l,i,e,r, ,t,r,a,n,s,a,c,t,i,o,n
[,8,0,0,.,0,",", ,8,0,0,.,0,",", ,',2,0,1,0,-,1,1,-,2,3,',",", ,1,",", ,',2,0,1,0,-,0,9,-,3,0,',",", ,',0,0,0,1,4,6,7,8,5,8,',",", ,',0,0,0,1,5,1,0,6,2,3,',],T,h,r,e,a,d,M,a,t,c,h, ,I,n,d,i,c,e,s,:, ,N,o,n,e,;, ,F,o,r,m, ,4,A, ,L,o,g,i,c, ,M,a,t,c,h,i,n,g, ,E,r,r,o,r,",", ,e,i,t,h,e,r, ,n,o, ,v,a,l,i,d, ,t,h,r,e,a,d, ,m,a,t,c,h, ,o,r, ,t,h,e, ,v,a,l,i,d, ,t,h,r,e,a,d, ,m,a,t,c,h, ,w,a,s, ,u,s,e,d, ,b,y, ,a,n, ,e,a,r,l,i,e,r, ,t,r,a,n,s,a,c,t,i,o,n
[,-,5,2,5,3,.,0,",", ,7,5,7,1,1,.,0,",", ,',2,0,1,0,-,0,2,-,1,5,',",", ,1,",", ,',2,0,1,0,-,0,2,-,1,5,',",", ,',0,0,0,1,1,4,0,8,5,9,',",", ,',0,0,0,1,1,9,1,5,0,5,',],T,h,r,e,a,d,M,a,t,c,h, ,I,n,d,i,c,e,s,:, ,N,o,n,e,;, ,F,o,r,m, ,4,A, ,L,o,g,i,c, ,M,a,t,c,h,i,n,g, ,E,r,r,o,r,",", ,e,i,t,h,e,r, ,n,o, ,v,a,l,i,d, ,t,h,r,e,a,d, ,m,a,t,c,h, ,o,r, ,t,h,e, ,v,a,l,i,d, ,t,h,r,e,a,d, ,m,a,t,c,h, ,w,a,s, ,u,s,e,d, ,b,y, ,a,n, ,e,a,r,l,i,e,r, ,t,r,a,n,s,a,c,t,i,o,n
[,-,3,4,1,0,.,0,",", ,1,2,7,3,1,1,.,0,",", ,',2,0,1,2,-,0,9,-,2,0,',",", ,1,",", ,',2,0,1,2,-,1,0,-,3,0,',",", ,',0,0,0,0,0,0,4,9,6,2,',",", ,',0,0,0,1,3,2,6,1,0,9,',],T,h,r,e,a,d,M,a,t,c,h, ,I,n,d,i,c,e,s,:, ,N,o,n,e,;, ,F,o,r,m, ,4,A, ,L,o,g,i,c, ,M,a,t,c,h,i,n,g, ,E,r,r,o,r,",", ,e,i,t,h,e,r, ,n,o, ,v,a,l,i,d, ,t,h,r,e,a,d, ,m,a,t,c,h, ,o,r, ,t,h,e, ,v,a,l,i,d, ,t,h,r,e,a,d, ,m,a,t,c,h, ,w,a,s, ,u,s,e,d, ,b,y, ,a,n, ,e,a,r,l,i,e,r, ,t,r,a,n,s,a,c,t,i,o,n
[,-,1,3,2,2,4,.,0,",", ,1,1,4,0,8,7,.,0,",", ,',2,0,1,2,-,1,0,-,3,0,',",", ,2,",", ,',2,0,1,2,-,1,0,-,3,0,',",", ,',0,0,0,0,0,0,4,9,6,2,',",", ,',0,0,0,1,3,2,6,1,0,9,',],T,h,r,e,a,d,M,a,t,c,h, ,I,n,d,i,c,e,s,:, ,N,o,n,e,;, ,F,o,r,m, ,4,A, ,L,o,g,i,c, ,M,a,t,c,h,i,n,g, ,E,r,r,o,r,",", ,e,i,t,h,e,r, ,n,o, ,v,a,l,i,d, ,t,h,r,e,a,d, ,m,a,t,c,h, ,o,r, ,t,h,e, ,v,a,l,i,d, ,t,h,r,e,a,d, ,m,a,t,c,h, ,w,a,s, ,u,s,e,d, ,b,y, ,a,n, ,e,a,r,l,i,e,r, ,t,r,a,n,s,a,c,t,i,o,n
2009-01-02-0000005272-0001236615,1,1
2008-05-01-0000005272-0001236615,1,1
[,-,3,2,4,3,5,5,.,0,",", ,2,7,2,1,7,5,6,8,7,.,0,",", ,',2,0,0,7,-,0,5,-,0,1,',",", ,1,",", ,',2,0,0,7,-,0,5,-,0,1,',",", ,',0,0,0,0,0,0,5,2,7,2,',",", ,',0,0,0,1,2,3,6,6,1,5,',],T,h,r,e,a,d,M,a,t,c,h, ,I,n,d,i,c,e,s,:, ,N,o,n,e,;, ,F,o,r,m, ,4,A, ,L,o,g,i,c, ,M,a,t,c,h,i,n,g, ,E,r,r,o,r,",", ,e,i,t,h,e,r, ,n,o, ,v,a,l,i,d, ,t,h,r,e,a,d, ,m,a,t,c,h, ,o,r, ,t,h,e, ,v,a,l,i,d, ,t,h,r,e,a,d, ,m,a,t,c,h, ,w,a,s, ,u,s,e,d, ,b,y, ,a,n, ,e,a,r,l,i,e,r, ,t,r,a,n,s,a,c,t,i,o,n
2004-06-15-0000005272-0001236587,1,1
2011-01-31-0000004962-0001180524,1,1
2011-01-31-0000004962-0001180524,2,2
2010-10-11-0000005272-0001236615,1,1
2006-03-01-0001002910-0001190593,1,1
2011-12-19-0000005272-0001509066,1,1
2011-12-19-0000005272-0001509066,2,2
2011-12-19-0000005272-0001509066,3,3
2011-12-19-0000005272-0001509066,4,4
2006-12-11-0000005272-0001354692,1,1
2013-02-05-0000066740-0001521461,1,1
[,-,8,4,5,.,8,",", ,2,1,5,7,.,0,",", ,',2,0,1,3,-,0,2,-,0,5,',",", ,2,",", ,',2,0,1,3,-,0,2,-,0,5,',",", ,',0,0,0,0,0,6,6,7,4,0,',",", ,',0,0,0,1,5,2,1,4,6,1,',],T,h,r,e,a,d,M,a,t,c,h, ,I,n,d,i,c,e,s,:, ,N,o,n,e,;, ,F,o,r,m, ,4,A, ,L,o,g,i,c, ,M,a,t,c,h,i,n,g, ,E,r,r,o,r,",", ,e,i,t,h,e,r, ,n,o, ,v,a,l,i,d, ,t,h,r,e,a,d, ,m,a,t,c,h, ,o,r, ,t,h,e, ,v,a,l,i,d, ,t,h,r,e,a,d, ,m,a,t,c,h, ,w,a,s, ,u,s,e,d, ,b,y, ,a,n, ,e,a,r,l,i,e,r, ,t,r,a,n,s,a,c,t,i,o,n
2013-02-05-0000066740-0001527527,1,1
[,-,2,2,1,4,.,7,6,",", ,4,9,0,6,.,0,",", ,',2,0,1,3,-,0,2,-,0,5,',",", ,2,",", ,',2,0,1,3,-,0,2,-,0,5,',",", ,',0,0,0,0,0,6,6,7,4,0,',",", ,',0,0,0,1,5,2,7,5,2,7,',],T,h,r,e,a,d,M,a,t,c,h, ,I,n,d,i,c,e,s,:, ,N,o,n,e,;, ,F,o,r,m, ,4,A, ,L,o,g,i,c, ,M,a,t,c,h,i,n,g, ,E,r,r,o,r,",", ,e,i,t,h,e,r, ,n,o, ,v,a,l,i,d, ,t,h,r,e,a,d, ,m,a,t,c,h, ,o,r, ,t,h,e, ,v,a,l,i,d, ,t,h,r,e,a,d, ,m,a,t,c,h, ,w,a,s, ,u,s,e,d, ,b,y, ,a,n, ,e,a,r,l,i,e,r, ,t,r,a,n,s,a,c,t,i,o,n
2010-10-27-0000882095-0001198229,1,1
2003-11-03-0000768251-0001227180,1,1
2004-03-15-0000005272-0001236615,1,1
2004-03-15-0000005272-0001236615,2,2
2009-08-10-0000066740-0001215821,1,1
[,-,4,5,3,9,.,0,",", ,4,0,1,4,8,.,0,",", ,',2,0,1,2,-,0,7,-,3,1,',",", ,1,",", ,',2,0,1,2,-,0,7,-,3,1,',",", ,',0,0,0,0,7,6,8,2,5,1,',",", ,',0,0,0,1,2,0,9,8,7,4,',],T,h,r,e,a,d,M,a,t,c,h, ,I,n,d,i,c,e,s,:, ,N,o,n,e,;, ,F,o,r,m, ,4,A, ,L,o,g,i,c, ,M,a,t,c,h,i,n,g, ,E,r,r,o,r,",", ,e,i,t,h,e,r, ,n,o, ,v,a,l,i,d, ,t,h,r,e,a,d, ,m,a,t,c,h, ,o,r, ,t,h,e, ,v,a,l,i,d, ,t,h,r,e,a,d, ,m,a,t,c,h, ,w,a,s, ,u,s,e,d, ,b,y, ,a,n, ,e,a,r,l,i,e,r, ,t,r,a,n,s,a,c,t,i,o,n
[,-,1,1,3,0,.,0,",", ,2,7,6,5,8,9,7,5,0,.,0,",", ,',2,0,0,4,-,0,2,-,2,5,',",", ,1,",", ,',2,0,0,4,-,0,2,-,2,5,',",", ,',0,0,0,1,1,0,3,9,8,2,',",", ,',0,0,0,0,7,6,4,1,8,0,',],T,h,r,e,a,d,M,a,t,c,h, ,I,n,d,i,c,e,s,:, ,N,o,n,e,;, ,F,o,r,m, ,4,A, ,L,o,g,i,c, ,M,a,t,c,h,i,n,g, ,E,r,r,o,r,",", ,e,i,t,h,e,r, ,n,o, ,v,a,l,i,d, ,t,h,r,e,a,d, ,m,a,t,c,h, ,o,r, ,t,h,e, ,v,a,l,i,d, ,t,h,r,e,a,d, ,m,a,t,c,h, ,w,a,s, ,u,s,e,d, ,b,y, ,a,n, ,e,a,r,l,i,e,r, ,t,r,a,n,s,a,c,t,i,o,n
2011-02-07-0000066740-0001196472,1,1
2011-02-07-0000066740-0001196472,2,2
2007-02-01-0001140859-0001021461,1,1
2013-02-05-0000066740-0001465913,1,1
2013-02-05-0000066740-0001465913,2,2
2011-03-15-0000882095-0001190273,1,1
2011-03-15-0000882095-0001190273,2,2
[,2,4,6,1,8,.,0,",", ,2,5,2,4,3,.,0,",", ,',2,0,0,4,-,0,8,-,0,3,',",", ,1,",", ,',2,0,0,4,-,0,8,-,0,3,',",", ,',0,0,0,0,0,0,5,2,7,2,',",", ,',0,0,0,1,2,3,6,5,9,6,',],T,h,r,e,a,d,M,a,t,c,h, ,I,n,d,i,c,e,s,:, ,N,o,n,e,;, ,F,o,r,m, ,4,A, ,L,o,g,i,c, ,M,a,t,c,h,i,n,g, ,E,r,r,o,r,",", ,e,i,t,h,e,r, ,n,o, ,v,a,l,i,d, ,t,h,r,e,a,d, ,m,a,t,c,h, ,o,r, ,t,h,e, ,v,a,l,i,d, ,t,h,r,e,a,d, ,m,a,t,c,h, ,w,a,s, ,u,s,e,d, ,b,y, ,a,n, ,e,a,r,l,i,e,r, ,t,r,a,n,s,a,c,t,i,o,n
[,1,3,4,9,1,.,0,",", ,3,8,7,3,4,.,0,",", ,',2,0,0,4,-,0,8,-,0,3,',",", ,2,",", ,',2,0,0,4,-,0,8,-,0,3,',",", ,',0,0,0,0,0,0,5,2,7,2,',",", ,',0,0,0,1,2,3,6,5,9,6,',],T,h,r,e,a,d,M,a,t,c,h, ,I,n,d,i,c,e,s,:, ,N,o,n,e,;, ,F,o,r,m, ,4,A, ,L,o,g,i,c, ,M,a,t,c,h,i,n,g, ,E,r,r,o,r,",", ,e,i,t,h,e,r, ,n,o, ,v,a,l,i,d, ,t,h,r,e,a,d, ,m,a,t,c,h, ,o,r, ,t,h,e, ,v,a,l,i,d, ,t,h,r,e,a,d, ,m,a,t,c,h, ,w,a,s, ,u,s,e,d, ,b,y, ,a,n, ,e,a,r,l,i,e,r, ,t,r,a,n,s,a,c,t,i,o,n
[,1,7,2,.,0,",", ,3,1,3,0,4,.,0,",", ,',2,0,0,7,-,0,1,-,0,3,',",", ,1,",", ,',2,0,0,7,-,0,1,-,0,3,',",", ,',0,0,0,0,0,0,5,2,7,2,',",", ,',0,0,0,1,2,4,5,7,4,9,',],T,h,r,e,a,d,M,a,t,c,h, ,I,n,d,i,c,e,s,:, ,N,o,n,e,;, ,F,o,r,m, ,4,A, ,L,o,g,i,c, ,M,a,t,c,h,i,n,g, ,E,r,r,o,r,",", ,e,i,t,h,e,r, ,n,o, ,v,a,l,i,d, ,t,h,r,e,a,d, ,m,a,t,c,h, ,o,r, ,t,h,e, ,v,a,l,i,d, ,t,h,r,e,a,d, ,m,a,t,c,h, ,w,a,s, ,u,s,e,d, ,b,y, ,a,n, ,e,a,r,l,i,e,r, ,t,r,a,n,s,a,c,t,i,o,n
2011-02-07-0000066740-0001220974,1,1
2011-02-07-0000066740-0001220974,2,2
[,9,6,8,4,5,.,0,",", ,2,6,3,2,1,1,.,0,",", ,',2,0,0,4,-,1,2,-,1,6,',",", ,1,",", ,',2,0,0,4,-,1,2,-,1,6,',",", ,',0,0,0,0,0,0,4,9,6,2,',",", ,',0,0,0,1,2,1,2,2,9,0,',],T,h,r,e,a,d,M,a,t,c,h, ,I,n,d,i,c,e,s,:, ,N,o,n,e,;, ,F,o,r,m, ,4,A, ,L,o,g,i,c, ,M,a,t,c,h,i,n,g, ,E,r,r,o,r,",", ,e,i,t,h,e,r, ,n,o, ,v,a,l,i,d, ,t,h,r,e,a,d, ,m,a,t,c,h, ,o,r, ,t,h,e, ,v,a,l,i,d, ,t,h,r,e,a,d, ,m,a,t,c,h, ,w,a,s, ,u,s,e,d, ,b,y, ,a,n, ,e,a,r,l,i,e,r, ,t,r,a,n,s,a,c,t,i,o,n
[,-,9,6,8,4,5,.,0,",", ,1,6,6,3,6,6,.,0,",", ,',2,0,0,4,-,1,2,-,1,6,',",", ,2,",", ,',2,0,0,4,-,1,2,-,1,6,',",", ,',0,0,0,0,0,0,4,9,6,2,',",", ,',0,0,0,1,2,1,2,2,9,0,',],T,h,r,e,a,d,M,a,t,c,h, ,I,n,d,i,c,e,s,:, ,N,o,n,e,;, ,F,o,r,m, ,4,A, ,L,o,g,i,c, ,M,a,t,c,h,i,n,g, ,E,r,r,o,r,",", ,e,i,t,h,e,r, ,n,o, ,v,a,l,i,d, ,t,h,r,e,a,d, ,m,a,t,c,h, ,o,r, ,t,h,e, ,v,a,l,i,d, ,t,h,r,e,a,d, ,m,a,t,c,h, ,w,a,s, ,u,s,e,d, ,b,y, ,a,n, ,e,a,r,l,i,e,r, ,t,r,a,n,s,a,c,t,i,o,n
2013-03-08-0001086222-0001542567,1,1
2011-02-07-0000066740-0001197790,1,1
2011-02-07-0000066740-0001197790,2,2
[,-,5,9,0,7,6,.,0,",", ,3,1,3,1,1,7,7,4,2,.,0,",", ,',2,0,0,3,-,0,4,-,0,1,',",", ,1,",", ,',2,0,0,3,-,0,4,-,0,1,',",", ,',0,0,0,0,0,0,5,2,7,2,',",", ,',0,0,0,1,2,3,6,6,1,5,',],T,h,r,e,a,d,M,a,t,c,h, ,I,n,d,i,c,e,s,:, ,N,o,n,e,;, ,F,o,r,m, ,4,A, ,L,o,g,i,c, ,M,a,t,c,h,i,n,g, ,E,r,r,o,r,",", ,e,i,t,h,e,r, ,n,o, ,v,a,l,i,d, ,t,h,r,e,a,d, ,m,a,t,c,h, ,o,r, ,t,h,e, ,v,a,l,i,d, ,t,h,r,e,a,d, ,m,a,t,c,h, ,w,a,s, ,u,s,e,d, ,b,y, ,a,n, ,e,a,r,l,i,e,r, ,t,r,a,n,s,a,c,t,i,o,n
[,-,4,6,9,4,9,2,.,0,",", ,3,1,2,6,4,8,2,5,0,.,0,",", ,',2,0,0,3,-,0,4,-,0,1,',",", ,2,",", ,',2,0,0,3,-,0,4,-,0,1,',",", ,',0,0,0,0,0,0,5,2,7,2,',",", ,',0,0,0,1,2,3,6,6,1,5,',],T,h,r,e,a,d,M,a,t,c,h, ,I,n,d,i,c,e,s,:, ,N,o,n,e,;, ,F,o,r,m, ,4,A, ,L,o,g,i,c, ,M,a,t,c,h,i,n,g, ,E,r,r,o,r,",", ,e,i,t,h,e,r, ,n,o, ,v,a,l,i,d, ,t,h,r,e,a,d, ,m,a,t,c,h, ,o,r, ,t,h,e, ,v,a,l,i,d, ,t,h,r,e,a,d, ,m,a,t,c,h, ,w,a,s, ,u,s,e,d, ,b,y, ,a,n, ,e,a,r,l,i,e,r, ,t,r,a,n,s,a,c,t,i,o,n
[,0,.,0,",", ,5,3,8,8,.,0,",", ,',2,0,1,3,-,0,5,-,1,6,',",", ,1,",", ,',2,0,1,3,-,0,5,-,1,6,',",", ,',0,0,0,1,0,8,6,2,2,2,',",", ,',0,0,0,1,2,3,2,9,1,0,',],T,h,r,e,a,d,M,a,t,c,h, ,I,n,d,i,c,e,s,:, ,N,o,n,e,;, ,F,o,r,m, ,4,A, ,L,o,g,i,c, ,M,a,t,c,h,i,n,g, ,E,r,r,o,r,",", ,e,i,t,h,e,r, ,n,o, ,v,a,l,i,d, ,t,h,r,e,a,d, ,m,a,t,c,h, ,o,r, ,t,h,e, ,v,a,l,i,d, ,t,h,r,e,a,d, ,m,a,t,c,h, ,w,a,s, ,u,s,e,d, ,b,y, ,a,n, ,e,a,r,l,i,e,r, ,t,r,a,n,s,a,c,t,i,o,n
2008-12-03-0000318154-0001183903,1,2
2008-12-03-0000318154-0001183903,2,3
2013-02-05-0000066740-0001205397,1,1
2013-02-05-0000066740-0001205397,2,2
[,3,1,5,0,.,0,",", ,3,5,5,1,.,0,",", ,',2,0,0,6,-,1,2,-,0,1,',",", ,1,",", ,',2,0,0,6,-,1,2,-,0,1,',",", ,',0,0,0,0,8,0,4,2,1,2,',",", ,',0,0,0,1,3,8,1,4,5,3,',],T,h,r,e,a,d,M,a,t,c,h, ,I,n,d,i,c,e,s,:, ,N,o,n,e,;, ,F,o,r,m, ,4,A, ,L,o,g,i,c, ,M,a,t,c,h,i,n,g, ,E,r,r,o,r,",", ,e,i,t,h,e,r, ,n,o, ,v,a,l,i,d, ,t,h,r,e,a,d, ,m,a,t,c,h, ,o,r, ,t,h,e, ,v,a,l,i,d, ,t,h,r,e,a,d, ,m,a,t,c,h, ,w,a,s, ,u,s,e,d, ,b,y, ,a,n, ,e,a,r,l,i,e,r, ,t,r,a,n,s,a,c,t,i,o,n
[,-,3,1,5,0,.,0,",", ,4,0,1,.,0,",", ,',2,0,0,6,-,1,2,-,0,1,',",", ,2,",", ,',2,0,0,6,-,1,2,-,0,1,',",", ,',0,0,0,0,8,0,4,2,1,2,',",", ,',0,0,0,1,3,8,1,4,5,3,',],T,h,r,e,a,d,M,a,t,c,h, ,I,n,d,i,c,e,s,:, ,N,o,n,e,;, ,F,o,r,m, ,4,A, ,L,o,g,i,c, ,M,a,t,c,h,i,n,g, ,E,r,r,o,r,",", ,e,i,t,h,e,r, ,n,o, ,v,a,l,i,d, ,t,h,r,e,a,d, ,m,a,t,c,h, ,o,r, ,t,h,e, ,v,a,l,i,d, ,t,h,r,e,a,d, ,m,a,t,c,h, ,w,a,s, ,u,s,e,d, ,b,y, ,a,n, ,e,a,r,l,i,e,r, ,t,r,a,n,s,a,c,t,i,o,n
2010-12-31-0001467858-0001492154,1,1
2010-12-31-0001467858-0001492154,2,2
2010-12-31-0001467858-0001492154,3,3
2010-12-31-0001467858-0001492154,4,4
2007-02-11-0000066740-0001321591,1,1
[,-,1,2,0,0,.,0,",", ,3,7,6,8,6,.,0,",", ,',2,0,0,6,-,1,2,-,2,1,',",", ,1,",", ,',2,0,0,6,-,1,2,-,2,1,',",", ,',0,0,0,0,0,0,5,2,7,2,',",", ,',0,0,0,1,2,3,6,5,9,3,',],T,h,r,e,a,d,M,a,t,c,h, ,I,n,d,i,c,e,s,:, ,N,o,n,e,;, ,F,o,r,m, ,4,A, ,L,o,g,i,c, ,M,a,t,c,h,i,n,g, ,E,r,r,o,r,",", ,e,i,t,h,e,r, ,n,o, ,v,a,l,i,d, ,t,h,r,e,a,d, ,m,a,t,c,h, ,o,r, ,t,h,e, ,v,a,l,i,d, ,t,h,r,e,a,d, ,m,a,t,c,h, ,w,a,s, ,u,s,e,d, ,b,y, ,a,n, ,e,a,r,l,i,e,r, ,t,r,a,n,s,a,c,t,i,o,n
2006-10-02-0000005272-0001236593,1,1
2013-02-05-0000066740-0001328535,1,1
2013-02-05-0000066740-0001328535,2,2
[,5,8,3,3,.,0,",", ,1,9,4,6,5,.,0,",", ,',2,0,1,1,-,0,2,-,1,6,',",", ,1,",", ,',2,0,1,1,-,0,2,-,1,6,',",", ,',0,0,0,1,1,4,0,8,5,9,',",", ,',0,0,0,1,5,0,1,8,5,7,',],T,h,r,e,a,d,M,a,t,c,h, ,I,n,d,i,c,e,s,:, ,N,o,n,e,;, ,F,o,r,m, ,4,A, ,L,o,g,i,c, ,M,a,t,c,h,i,n,g, ,E,r,r,o,r,",", ,e,i,t,h,e,r, ,n,o, ,v,a,l,i,d, ,t,h,r,e,a,d, ,m,a,t,c,h, ,o,r, ,t,h,e, ,v,a,l,i,d, ,t,h,r,e,a,d, ,m,a,t,c,h, ,w,a,s, ,u,s,e,d, ,b,y, ,a,n, ,e,a,r,l,i,e,r, ,t,r,a,n,s,a,c,t,i,o,n
[,-,1,0,0,0,0,.,0,",", ,3,0,7,0,0,.,0,",", ,',2,0,0,3,-,1,1,-,0,6,',",", ,1,",", ,',2,0,0,3,-,1,1,-,0,6,',",", ,',0,0,0,1,0,3,7,8,6,8,',",", ,',0,0,0,1,1,9,0,2,0,0,',],T,h,r,e,a,d,M,a,t,c,h, ,I,n,d,i,c,e,s,:, ,N,o,n,e,;, ,F,o,r,m, ,4,A, ,L,o,g,i,c, ,M,a,t,c,h,i,n,g, ,E,r,r,o,r,",", ,e,i,t,h,e,r, ,n,o, ,v,a,l,i,d, ,t,h,r,e,a,d, ,m,a,t,c,h, ,o,r, ,t,h,e, ,v,a,l,i,d, ,t,h,r,e,a,d, ,m,a,t,c,h, ,w,a,s, ,u,s,e,d, ,b,y, ,a,n, ,e,a,r,l,i,e,r, ,t,r,a,n,s,a,c,t,i,o,n
[,-,6,5,3,6,.,0,",", ,4,2,5,7,6,.,0,",", ,',2,0,1,2,-,0,7,-,3,1,',",", ,1,",", ,',2,0,1,2,-,0,7,-,3,1,',",", ,',0,0,0,0,7,6,8,2,5,1,',",", ,',0,0,0,1,2,0,9,8,6,7,',],T,h,r,e,a,d,M,a,t,c,h, ,I,n,d,i,c,e,s,:, ,N,o,n,e,;, ,F,o,r,m, ,4,A, ,L,o,g,i,c, ,M,a,t,c,h,i,n,g, ,E,r,r,o,r,",", ,e,i,t,h,e,r, ,n,o, ,v,a,l,i,d, ,t,h,r,e,a,d, ,m,a,t,c,h, ,o,r, ,t,h,e, ,v,a,l,i,d, ,t,h,r,e,a,d, ,m,a,t,c,h, ,w,a,s, ,u,s,e,d, ,b,y, ,a,n, ,e,a,r,l,i,e,r, ,t,r,a,n,s,a,c,t,i,o,n
[,-,3,3,1,0,.,0,",", ,3,9,2,6,6,.,0,",", ,',2,0,1,2,-,0,7,-,3,1,',",", ,2,",", ,',2,0,1,2,-,0,7,-,3,1,',",", ,',0,0,0,0,7,6,8,2,5,1,',",", ,',0,0,0,1,2,0,9,8,6,7,',],T,h,r,e,a,d,M,a,t,c,h, ,I,n,d,i,c,e,s,:, ,N,o,n,e,;, ,F,o,r,m, ,4,A, ,L,o,g,i,c, ,M,a,t,c,h,i,n,g, ,E,r,r,o,r,",", ,e,i,t,h,e,r, ,n,o, ,v,a,l,i,d, ,t,h,r,e,a,d, ,m,a,t,c,h, ,o,r, ,t,h,e, ,v,a,l,i,d, ,t,h,r,e,a,d, ,m,a,t,c,h, ,w,a,s, ,u,s,e,d, ,b,y, ,a,n, ,e,a,r,l,i,e,r, ,t,r,a,n,s,a,c,t,i,o,n
2011-02-07-0000066740-0001205397,1,1
2011-02-07-0000066740-0001205397,2,2
[,1,7,5,0,.,0,",", ,2,0,0,7,.,0,",", ,',2,0,1,0,-,0,5,-,1,1,',",", ,1,",", ,',2,0,1,0,-,0,5,-,1,1,',",", ,',0,0,0,0,0,6,6,7,4,0,',",", ,',0,0,0,1,2,0,4,9,9,5,',],T,h,r,e,a,d,M,a,t,c,h, ,I,n,d,i,c,e,s,:, ,N,o,n,e,;, ,F,o,r,m, ,4,A, ,L,o,g,i,c, ,M,a,t,c,h,i,n,g, ,E,r,r,o,r,",", ,e,i,t,h,e,r, ,n,o, ,v,a,l,i,d, ,t,h,r,e,a,d, ,m,a,t,c,h, ,o,r, ,t,h,e, ,v,a,l,i,d, ,t,h,r,e,a,d, ,m,a,t,c,h, ,w,a,s, ,u,s,e,d, ,b,y, ,a,n, ,e,a,r,l,i,e,r, ,t,r,a,n,s,a,c,t,i,o,n
[,6,0,.,0,",", ,2,0,6,7,.,0,",", ,',2,0,1,0,-,0,5,-,1,1,',",", ,2,",", ,',2,0,1,0,-,0,5,-,1,1,',",", ,',0,0,0,0,0,6,6,7,4,0,',",", ,',0,0,0,1,2,0,4,9,9,5,',],T,h,r,e,a,d,M,a,t,c,h, ,I,n,d,i,c,e,s,:, ,N,o,n,e,;, ,F,o,r,m, ,4,A, ,L,o,g,i,c, ,M,a,t,c,h,i,n,g, ,E,r,r,o,r,",", ,e,i,t,h,e,r, ,n,o, ,v,a,l,i,d, ,t,h,r,e,a,d, ,m,a,t,c,h, ,o,r, ,t,h,e, ,v,a,l,i,d, ,t,h,r,e,a,d, ,m,a,t,c,h, ,w,a,s, ,u,s,e,d, ,b,y, ,a,n, ,e,a,r,l,i,e,r, ,t,r,a,n,s,a,c,t,i,o,n
[,5,0,6,1,.,2,4,",", ,1,7,4,7,0,.,2,4,",", ,',2,0,1,1,-,0,2,-,0,7,',",", ,1,",", ,',2,0,1,1,-,0,2,-,0,7,',",", ,',0,0,0,0,0,6,6,7,4,0,',",", ,',0,0,0,1,2,6,3,7,3,9,',],T,h,r,e,a,d,M,a,t,c,h, ,I,n,d,i,c,e,s,:, ,N,o,n,e,;, ,F,o,r,m, ,4,A, ,L,o,g,i,c, ,M,a,t,c,h,i,n,g, ,E,r,r,o,r,",", ,e,i,t,h,e,r, ,n,o, ,v,a,l,i,d, ,t,h,r,e,a,d, ,m,a,t,c,h, ,o,r, ,t,h,e, ,v,a,l,i,d, ,t,h,r,e,a,d, ,m,a,t,c,h, ,w,a,s, ,u,s,e,d, ,b,y, ,a,n, ,e,a,r,l,i,e,r, ,t,r,a,n,s,a,c,t,i,o,n
[,-,1,6,8,2,.,2,4,",", ,1,5,7,8,8,.,0,",", ,',2,0,1,1,-,0,2,-,0,7,',",", ,2,",", ,',2,0,1,1,-,0,2,-,0,7,',",", ,',0,0,0,0,0,6,6,7,4,0,',",", ,',0,0,0,1,2,6,3,7,3,9,',],T,h,r,e,a,d,M,a,t,c,h, ,I,n,d,i,c,e,s,:, ,N,o,n,e,;, ,F,o,r,m, ,4,A, ,L,o,g,i,c, ,M,a,t,c,h,i,n,g, ,E,r,r,o,r,",", ,e,i,t,h,e,r, ,n,o, ,v,a,l,i,d, ,t,h,r,e,a,d, ,m,a,t,c,h, ,o,r, ,t,h,e, ,v,a,l,i,d, ,t,h,r,e,a,d, ,m,a,t,c,h, ,w,a,s, ,u,s,e,d, ,b,y, ,a,n, ,e,a,r,l,i,e,r, ,t,r,a,n,s,a,c,t,i,o,n
2011-03-15-0000882095-0001190578,1,1
2011-03-15-0000882095-0001190578,2,2
2013-03-08-0001086222-0001291475,1,1
2007-12-13-0000005272-0001245750,1,1
[,-,2,4,0,0,0,0,.,0,",", ,2,2,7,9,5,4,9,6,8,.,0,",", ,',2,0,0,8,-,0,6,-,0,2,',",", ,1,",", ,',2,0,0,8,-,0,6,-,0,2,',",", ,',0,0,0,0,0,0,5,2,7,2,',",", ,',0,0,0,1,2,3,6,6,1,5,',],T,h,r,e,a,d,M,a,t,c,h, ,I,n,d,i,c,e,s,:, ,N,o,n,e,;, ,F,o,r,m, ,4,A, ,L,o,g,i,c, ,M,a,t,c,h,i,n,g, ,E,r,r,o,r,",", ,e,i,t,h,e,r, ,n,o, ,v,a,l,i,d, ,t,h,r,e,a,d, ,m,a,t,c,h, ,o,r, ,t,h,e, ,v,a,l,i,d, ,t,h,r,e,a,d, ,m,a,t,c,h, ,w,a,s, ,u,s,e,d, ,b,y, ,a,n, ,e,a,r,l,i,e,r, ,t,r,a,n,s,a,c,t,i,o,n
[,2,5,0,0,0,.,0,",", ,3,7,1,5,4,3,.,0,",", ,',2,0,0,4,-,0,5,-,0,7,',",", ,1,",", ,',2,0,0,4,-,0,5,-,0,7,',",", ,',0,0,0,0,7,6,8,2,5,1,',",", ,',0,0,0,1,2,0,9,8,7,3,',],T,h,r,e,a,d,M,a,t,c,h, ,I,n,d,i,c,e,s,:, ,N,o,n,e,;, ,F,o,r,m, ,4,A, ,L,o,g,i,c, ,M,a,t,c,h,i,n,g, ,E,r,r,o,r,",", ,e,i,t,h,e,r, ,n,o, ,v,a,l,i,d, ,t,h,r,e,a,d, ,m,a,t,c,h, ,o,r, ,t,h,e, ,v,a,l,i,d, ,t,h,r,e,a,d, ,m,a,t,c,h, ,w,a,s, ,u,s,e,d, ,b,y, ,a,n, ,e,a,r,l,i,e,r, ,t,r,a,n,s,a,c,t,i,o,n
[,-,2,5,0,0,0,.,0,",", ,3,4,6,5,4,3,.,0,",", ,',2,0,0,4,-,0,5,-,0,7,',",", ,2,",", ,',2,0,0,4,-,0,5,-,0,7,',",", ,',0,0,0,0,7,6,8,2,5,1,',",", ,',0,0,0,1,2,0,9,8,7,3,',],T,h,r,e,a,d,M,a,t,c,h, ,I,n,d,i,c,e,s,:, ,N,o,n,e,;, ,F,o,r,m, ,4,A, ,L,o,g,i,c, ,M,a,t,c,h,i,n,g, ,E,r,r,o,r,",", ,e,i,t,h,e,r, ,n,o, ,v,a,l,i,d, ,t,h,r,e,a,d, ,m,a,t,c,h, ,o,r, ,t,h,e, ,v,a,l,i,d, ,t,h,r,e,a,d, ,m,a,t,c,h, ,w,a,s, ,u,s,e,d, ,b,y, ,a,n, ,e,a,r,l,i,e,r, ,t,r,a,n,s,a,c,t,i,o,n
2012-05-01-0001086222-0001035440,1,2
[,1,5,4,8,7,.,0,",", ,2,4,0,5,8,8,.,0,",", ,',2,0,1,0,-,0,2,-,0,5,',",", ,1,",", ,',2,0,1,0,-,0,2,-,0,5,',",", ,',0,0,0,1,0,8,6,2,2,2,',",", ,',0,0,0,1,0,3,5,4,4,0,',],T,h,r,e,a,d,M,a,t,c,h, ,I,n,d,i,c,e,s,:, ,N,o,n,e,;, ,F,o,r,m, ,4,A, ,L,o,g,i,c, ,M,a,t,c,h,i,n,g, ,E,r,r,o,r,",", ,e,i,t,h,e,r, ,n,o, ,v,a,l,i,d, ,t,h,r,e,a,d, ,m,a,t,c,h, ,o,r, ,t,h,e, ,v,a,l,i,d, ,t,h,r,e,a,d, ,m,a,t,c,h, ,w,a,s, ,u,s,e,d, ,b,y, ,a,n, ,e,a,r,l,i,e,r, ,t,r,a,n,s,a,c,t,i,o,n
[,1,5,6,6,.,0,",", ,5,4,5,1,.,0,",", ,',2,0,0,5,-,0,1,-,2,6,',",", ,1,",", ,',2,0,0,5,-,0,1,-,2,6,',",", ,',0,0,0,0,8,7,9,5,8,5,',",", ,',0,0,0,1,2,4,7,6,7,3,',],T,h,r,e,a,d,M,a,t,c,h, ,I,n,d,i,c,e,s,:, ,N,o,n,e,;, ,F,o,r,m, ,4,A, ,L,o,g,i,c, ,M,a,t,c,h,i,n,g, ,E,r,r,o,r,",", ,e,i,t,h,e,r, ,n,o, ,v,a,l,i,d, ,t,h,r,e,a,d, ,m,a,t,c,h, ,o,r, ,t,h,e, ,v,a,l,i,d, ,t,h,r,e,a,d, ,m,a,t,c,h, ,w,a,s, ,u,s,e,d, ,b,y, ,a,n, ,e,a,r,l,i,e,r, ,t,r,a,n,s,a,c,t,i,o,n
[,-,2,4,4,4,.,0,",", ,5,2,1,5,9,.,0,",", ,',2,0,0,6,-,1,0,-,0,3,',",", ,1,",", ,',2,0,0,6,-,1,0,-,0,3,',",", ,',0,0,0,0,8,2,0,0,2,7,',",", ,',0,0,0,1,2,0,9,4,5,8,',],T,h,r,e,a,d,M,a,t,c,h, ,I,n,d,i,c,e,s,:, ,N,o,n,e,;, ,F,o,r,m, ,4,A, ,L,o,g,i,c, ,M,a,t,c,h,i,n,g, ,E,r,r,o,r,",", ,e,i,t,h,e,r, ,n,o, ,v,a,l,i,d, ,t,h,r,e,a,d, ,m,a,t,c,h, ,o,r, ,t,h,e, ,v,a,l,i,d, ,t,h,r,e,a,d, ,m,a,t,c,h, ,w,a,s, ,u,s,e,d, ,b,y, ,a,n, ,e,a,r,l,i,e,r, ,t,r,a,n,s,a,c,t,i,o,n
[,2,2,9,7,.,0,",", ,7,3,8,4,8,.,0,",", ,',2,0,0,6,-,1,1,-,1,3,',",", ,1,",", ,',2,0,0,6,-,1,1,-,1,3,',",", ,',0,0,0,0,0,0,4,9,6,2,',",", ,',0,0,0,1,3,2,6,1,0,9,',],T,h,r,e,a,d,M,a,t,c,h, ,I,n,d,i,c,e,s,:, ,N,o,n,e,;, ,F,o,r,m, ,4,A, ,L,o,g,i,c, ,M,a,t,c,h,i,n,g, ,E,r,r,o,r,",", ,e,i,t,h,e,r, ,n,o, ,v,a,l,i,d, ,t,h,r,e,a,d, ,m,a,t,c,h, ,o,r, ,t,h,e, ,v,a,l,i,d, ,t,h,r,e,a,d, ,m,a,t,c,h, ,w,a,s, ,u,s,e,d, ,b,y, ,a,n, ,e,a,r,l,i,e,r, ,t,r,a,n,s,a,c,t,i,o,n
2011-02-07-0000066740-0001465913,1,1
2011-02-07-0000066740-0001465913,2,2
2013-02-05-0000066740-0001378014,1,1
2013-02-05-0000066740-0001378014,2,2
2004-02-05-0001037868-0001190201,2,1
2004-07-22-0001037868-0001089005,1,1
2011-04-15-0000005272-0001214148,1,1
2005-12-12-0000768251-0001209875,1,1
2014-01-29-0000004281-0001510406,1,1
2014-01-29-0000004281-0001510406,2,2
2014-01-29-0000004281-0001510406,3,3
2014-01-29-0000004281-0001510406,4,4
2014-01-29-0000004281-0001510406,5,5
2014-01-29-0000004281-0001510406,6,6
2014-01-29-0000004281-0001510406,7,7
2014-01-29-0000004281-0001510406,8,8
2014-01-29-0000004281-0001510406,9,9
[,7,5,0,0,.,0,",", ,8,3,2,5,.,0,",", ,',2,0,0,5,-,0,7,-,1,5,',",", ,1,",", ,',2,0,0,5,-,0,7,-,1,5,',",", ,',0,0,0,0,0,0,4,2,8,1,',",", ,',0,0,0,1,2,1,3,7,3,2,',],T,h,r,e,a,d,M,a,t,c,h, ,I,n,d,i,c,e,s,:, ,N,o,n,e,;, ,F,o,r,m, ,4,A, ,L,o,g,i,c, ,M,a,t,c,h,i,n,g, ,E,r,r,o,r,",", ,e,i,t,h,e,r, ,n,o, ,v,a,l,i,d, ,t,h,r,e,a,d, ,m,a,t,c,h, ,o,r, ,t,h,e, ,v,a,l,i,d, ,t,h,r,e,a,d, ,m,a,t,c,h, ,w,a,s, ,u,s,e,d, ,b,y, ,a,n, ,e,a,r,l,i,e,r, ,t,r,a,n,s,a,c,t,i,o,n
2010-10-28-0000882095-0001198229,1,1
2011-12-19-0000005272-0001486195,1,1
2011-12-19-0000005272-0001486195,2,2
2011-12-19-0000005272-0001486195,3,3
2011-12-19-0000005272-0001486195,4,4
2011-12-19-0000005272-0001486195,5,5
[,2,5,4,8,1,.,0,",", ,3,6,5,6,6,.,0,",", ,',2,0,0,8,-,0,3,-,0,3,',",", ,1,",", ,',2,0,0,8,-,0,3,-,0,3,',",", ,',0,0,0,0,0,6,6,7,4,0,',",", ,',0,0,0,1,2,6,3,7,3,9,',],T,h,r,e,a,d,M,a,t,c,h, ,I,n,d,i,c,e,s,:, ,N,o,n,e,;, ,F,o,r,m, ,4,A, ,L,o,g,i,c, ,M,a,t,c,h,i,n,g, ,E,r,r,o,r,",", ,e,i,t,h,e,r, ,n,o, ,v,a,l,i,d, ,t,h,r,e,a,d, ,m,a,t,c,h, ,o,r, ,t,h,e, ,v,a,l,i,d, ,t,h,r,e,a,d, ,m,a,t,c,h, ,w,a,s, ,u,s,e,d, ,b,y, ,a,n, ,e,a,r,l,i,e,r, ,t,r,a,n,s,a,c,t,i,o,n
[,8,3,2,2,.,0,",", ,8,6,3,9,1,.,0,",", ,',2,0,1,3,-,0,3,-,3,1,',",", ,1,",", ,',2,0,1,3,-,0,3,-,3,1,',",", ,',0,0,0,1,4,6,7,8,5,8,',",", ,',0,0,0,1,4,9,2,1,5,7,',],T,h,r,e,a,d,M,a,t,c,h, ,I,n,d,i,c,e,s,:, ,N,o,n,e,;, ,F,o,r,m, ,4,A, ,L,o,g,i,c, ,M,a,t,c,h,i,n,g, ,E,r,r,o,r,",", ,e,i,t,h,e,r, ,n,o, ,v,a,l,i,d, ,t,h,r,e,a,d, ,m,a,t,c,h, ,o,r, ,t,h,e, ,v,a,l,i,d, ,t,h,r,e,a,d, ,m,a,t,c,h, ,w,a,s, ,u,s,e,d, ,b,y, ,a,n, ,e,a,r,l,i,e,r, ,t,r,a,n,s,a,c,t,i,o,n
[,-,2,7,3,1,.,0,",", ,8,3,6,6,0,.,0,",", ,',2,0,1,3,-,0,3,-,3,1,',",", ,2,",", ,',2,0,1,3,-,0,3,-,3,1,',",", ,',0,0,0,1,4,6,7,8,5,8,',",", ,',0,0,0,1,4,9,2,1,5,7,',],T,h,r,e,a,d,M,a,t,c,h, ,I,n,d,i,c,e,s,:, ,N,o,n,e,;, ,F,o,r,m, ,4,A, ,L,o,g,i,c, ,M,a,t,c,h,i,n,g, ,E,r,r,o,r,",", ,e,i,t,h,e,r, ,n,o, ,v,a,l,i,d, ,t,h,r,e,a,d, ,m,a,t,c,h, ,o,r, ,t,h,e, ,v,a,l,i,d, ,t,h,r,e,a,d, ,m,a,t,c,h, ,w,a,s, ,u,s,e,d, ,b,y, ,a,n, ,e,a,r,l,i,e,r, ,t,r,a,n,s,a,c,t,i,o,n
[,-,5,5,9,1,.,0,",", ,7,8,0,6,9,.,0,",", ,',2,0,1,3,-,0,3,-,3,1,',",", ,3,",", ,',2,0,1,3,-,0,3,-,3,1,',",", ,',0,0,0,1,4,6,7,8,5,8,',",", ,',0,0,0,1,4,9,2,1,5,7,',],T,h,r,e,a,d,M,a,t,c,h, ,I,n,d,i,c,e,s,:, ,N,o,n,e,;, ,F,o,r,m, ,4,A, ,L,o,g,i,c, ,M,a,t,c,h,i,n,g, ,E,r,r,o,r,",", ,e,i,t,h,e,r, ,n,o, ,v,a,l,i,d, ,t,h,r,e,a,d, ,m,a,t,c,h, ,o,r, ,t,h,e, ,v,a,l,i,d, ,t,h,r,e,a,d, ,m,a,t,c,h, ,w,a,s, ,u,s,e,d, ,b,y, ,a,n, ,e,a,r,l,i,e,r, ,t,r,a,n,s,a,c,t,i,o,n
[,5,4,7,5,.,0,",", ,8,3,5,4,4,.,0,",", ,',2,0,1,3,-,0,3,-,3,1,',",", ,4,",", ,',2,0,1,3,-,0,3,-,3,1,',",", ,',0,0,0,1,4,6,7,8,5,8,',",", ,',0,0,0,1,4,9,2,1,5,7,',],T,h,r,e,a,d,M,a,t,c,h, ,I,n,d,i,c,e,s,:, ,N,o,n,e,;, ,F,o,r,m, ,4,A, ,L,o,g,i,c, ,M,a,t,c,h,i,n,g, ,E,r,r,o,r,",", ,e,i,t,h,e,r, ,n,o, ,v,a,l,i,d, ,t,h,r,e,a,d, ,m,a,t,c,h, ,o,r, ,t,h,e, ,v,a,l,i,d, ,t,h,r,e,a,d, ,m,a,t,c,h, ,w,a,s, ,u,s,e,d, ,b,y, ,a,n, ,e,a,r,l,i,e,r, ,t,r,a,n,s,a,c,t,i,o,n
[,-,1,7,9,6,.,0,",", ,8,1,7,4,8,.,0,",", ,',2,0,1,3,-,0,3,-,3,1,',",", ,5,",", ,',2,0,1,3,-,0,3,-,3,1,',",", ,',0,0,0,1,4,6,7,8,5,8,',",", ,',0,0,0,1,4,9,2,1,5,7,',],T,h,r,e,a,d,M,a,t,c,h, ,I,n,d,i,c,e,s,:, ,N,o,n,e,;, ,F,o,r,m, ,4,A, ,L,o,g,i,c, ,M,a,t,c,h,i,n,g, ,E,r,r,o,r,",", ,e,i,t,h,e,r, ,n,o, ,v,a,l,i,d, ,t,h,r,e,a,d, ,m,a,t,c,h, ,o,r, ,t,h,e, ,v,a,l,i,d, ,t,h,r,e,a,d, ,m,a,t,c,h, ,w,a,s, ,u,s,e,d, ,b,y, ,a,n, ,e,a,r,l,i,e,r, ,t,r,a,n,s,a,c,t,i,o,n
[,-,3,6,7,9,.,0,",", ,7,8,0,6,9,.,0,",", ,',2,0,1,3,-,0,3,-,3,1,',",", ,6,",", ,',2,0,1,3,-,0,3,-,3,1,',",", ,',0,0,0,1,4,6,7,8,5,8,',",", ,',0,0,0,1,4,9,2,1,5,7,',],T,h,r,e,a,d,M,a,t,c,h, ,I,n,d,i,c,e,s,:, ,N,o,n,e,;, ,F,o,r,m, ,4,A, ,L,o,g,i,c, ,M,a,t,c,h,i,n,g, ,E,r,r,o,r,",", ,e,i,t,h,e,r, ,n,o, ,v,a,l,i,d, ,t,h,r,e,a,d, ,m,a,t,c,h, ,o,r, ,t,h,e, ,v,a,l,i,d, ,t,h,r,e,a,d, ,m,a,t,c,h, ,w,a,s, ,u,s,e,d, ,b,y, ,a,n, ,e,a,r,l,i,e,r, ,t,r,a,n,s,a,c,t,i,o,n
[,4,4,3,1,.,0,",", ,8,2,5,0,0,.,0,",", ,',2,0,1,3,-,0,3,-,3,1,',",", ,7,",", ,',2,0,1,3,-,0,3,-,3,1,',",", ,',0,0,0,1,4,6,7,8,5,8,',",", ,',0,0,0,1,4,9,2,1,5,7,',],T,h,r,e,a,d,M,a,t,c,h, ,I,n,d,i,c,e,s,:, ,N,o,n,e,;, ,F,o,r,m, ,4,A, ,L,o,g,i,c, ,M,a,t,c,h,i,n,g, ,E,r,r,o,r,",", ,e,i,t,h,e,r, ,n,o, ,v,a,l,i,d, ,t,h,r,e,a,d, ,m,a,t,c,h, ,o,r, ,t,h,e, ,v,a,l,i,d, ,t,h,r,e,a,d, ,m,a,t,c,h, ,w,a,s, ,u,s,e,d, ,b,y, ,a,n, ,e,a,r,l,i,e,r, ,t,r,a,n,s,a,c,t,i,o,n
[,-,1,4,5,4,.,0,",", ,8,1,0,4,6,.,0,",", ,',2,0,1,3,-,0,3,-,3,1,',",", ,8,",", ,',2,0,1,3,-,0,3,-,3,1,',",", ,',0,0,0,1,4,6,7,8,5,8,',",", ,',0,0,0,1,4,9,2,1,5,7,',],T,h,r,e,a,d,M,a,t,c,h, ,I,n,d,i,c,e,s,:, ,N,o,n,e,;, ,F,o,r,m, ,4,A, ,L,o,g,i,c, ,M,a,t,c,h,i,n,g, ,E,r,r,o,r,",", ,e,i,t,h,e,r, ,n,o, ,v,a,l,i,d, ,t,h,r,e,a,d, ,m,a,t,c,h, ,o,r, ,t,h,e, ,v,a,l,i,d, ,t,h,r,e,a,d, ,m,a,t,c,h, ,w,a,s, ,u,s,e,d, ,b,y, ,a,n, ,e,a,r,l,i,e,r, ,t,r,a,n,s,a,c,t,i,o,n
[,-,2,9,7,7,.,0,",", ,7,8,0,6,9,.,0,",", ,',2,0,1,3,-,0,3,-,3,1,',",", ,9,",", ,',2,0,1,3,-,0,3,-,3,1,',",", ,',0,0,0,1,4,6,7,8,5,8,',",", ,',0,0,0,1,4,9,2,1,5,7,',],T,h,r,e,a,d,M,a,t,c,h, ,I,n,d,i,c,e,s,:, ,N,o,n,e,;, ,F,o,r,m, ,4,A, ,L,o,g,i,c, ,M,a,t,c,h,i,n,g, ,E,r,r,o,r,",", ,e,i,t,h,e,r, ,n,o, ,v,a,l,i,d, ,t,h,r,e,a,d, ,m,a,t,c,h, ,o,r, ,t,h,e, ,v,a,l,i,d, ,t,h,r,e,a,d, ,m,a,t,c,h, ,w,a,s, ,u,s,e,d, ,b,y, ,a,n, ,e,a,r,l,i,e,r, ,t,r,a,n,s,a,c,t,i,o,n
[,-,3,1,5,.,6,0,8,",", ,3,2,3,5,3,.,0,",", ,',2,0,1,4,-,0,2,-,0,4,',",", ,1,",", ,',2,0,1,4,-,0,2,-,0,4,',",", ,',0,0,0,0,0,6,6,7,4,0,',",", ,',0,0,0,1,4,4,4,6,1,2,',],T,h,r,e,a,d,M,a,t,c,h, ,I,n,d,i,c,e,s,:, ,N,o,n,e,;, ,F,o,r,m, ,4,A, ,L,o,g,i,c, ,M,a,t,c,h,i,n,g, ,E,r,r,o,r,",", ,e,i,t,h,e,r, ,n,o, ,v,a,l,i,d, ,t,h,r,e,a,d, ,m,a,t,c,h, ,o,r, ,t,h,e, ,v,a,l,i,d, ,t,h,r,e,a,d, ,m,a,t,c,h, ,w,a,s, ,u,s,e,d, ,b,y, ,a,n, ,e,a,r,l,i,e,r, ,t,r,a,n,s,a,c,t,i,o,n
2013-02-05-0000066740-0001518255,1,1
[,-,1,1,8,1,.,9,8,",", ,1,1,7,6,5,.,0,",", ,',2,0,1,3,-,0,2,-,0,5,',",", ,2,",", ,',2,0,1,3,-,0,2,-,0,5,',",", ,',0,0,0,0,0,6,6,7,4,0,',",", ,',0,0,0,1,5,1,8,2,5,5,',],T,h,r,e,a,d,M,a,t,c,h, ,I,n,d,i,c,e,s,:, ,N,o,n,e,;, ,F,o,r,m, ,4,A, ,L,o,g,i,c, ,M,a,t,c,h,i,n,g, ,E,r,r,o,r,",", ,e,i,t,h,e,r, ,n,o, ,v,a,l,i,d, ,t,h,r,e,a,d, ,m,a,t,c,h, ,o,r, ,t,h,e, ,v,a,l,i,d, ,t,h,r,e,a,d, ,m,a,t,c,h, ,w,a,s, ,u,s,e,d, ,b,y, ,a,n, ,e,a,r,l,i,e,r, ,t,r,a,n,s,a,c,t,i,o,n
[,-,7,9,3,.,0,",", ,1,0,8,4,0,1,.,0,",", ,',2,0,1,2,-,1,2,-,0,5,',",", ,1,",", ,',2,0,1,2,-,1,2,-,0,5,',",", ,',0,0,0,0,8,7,9,5,8,5,',",", ,',0,0,0,1,2,4,4,4,6,5,',],T,h,r,e,a,d,M,a,t,c,h, ,I,n,d,i,c,e,s,:, ,N,o,n,e,;, ,F,o,r,m, ,4,A, ,L,o,g,i,c, ,M,a,t,c,h,i,n,g, ,E,r,r,o,r,",", ,e,i,t,h,e,r, ,n,o, ,v,a,l,i,d, ,t,h,r,e,a,d, ,m,a,t,c,h, ,o,r, ,t,h,e, ,v,a,l,i,d, ,t,h,r,e,a,d, ,m,a,t,c,h, ,w,a,s, ,u,s,e,d, ,b,y, ,a,n, ,e,a,r,l,i,e,r, ,t,r,a,n,s,a,c,t,i,o,n
2003-12-26-0000764180-0001025050,1,1
[,-,2,0,8,0,0,.,0,",", ,1,5,1,4,9,.,0,",", ,',2,0,0,9,-,1,1,-,0,9,',",", ,1,",", ,',2,0,0,9,-,1,1,-,0,9,',",", ,',0,0,0,0,8,0,4,2,1,2,',",", ,',0,0,0,1,3,5,3,6,2,5,',],T,h,r,e,a,d,M,a,t,c,h, ,I,n,d,i,c,e,s,:, ,N,o,n,e,;, ,F,o,r,m, ,4,A, ,L,o,g,i,c, ,M,a,t,c,h,i,n,g, ,E,r,r,o,r,",", ,e,i,t,h,e,r, ,n,o, ,v,a,l,i,d, ,t,h,r,e,a,d, ,m,a,t,c,h, ,o,r, ,t,h,e, ,v,a,l,i,d, ,t,h,r,e,a,d, ,m,a,t,c,h, ,w,a,s, ,u,s,e,d, ,b,y, ,a,n, ,e,a,r,l,i,e,r, ,t,r,a,n,s,a,c,t,i,o,n
2011-01-31-0000004962-0001302528,1,1
[,1,0,0,0,0,.,0,",", ,4,2,4,4,1,.,0,",", ,',2,0,0,7,-,0,1,-,3,0,',",", ,1,",", ,',2,0,0,7,-,0,1,-,3,0,',",", ,',0,0,0,0,7,6,8,2,5,1,',",", ,',0,0,0,1,2,0,9,8,6,7,',],T,h,r,e,a,d,M,a,t,c,h, ,I,n,d,i,c,e,s,:, ,N,o,n,e,;, ,F,o,r,m, ,4,A, ,L,o,g,i,c, ,M,a,t,c,h,i,n,g, ,E,r,r,o,r,",", ,e,i,t,h,e,r, ,n,o, ,v,a,l,i,d, ,t,h,r,e,a,d, ,m,a,t,c,h, ,o,r, ,t,h,e, ,v,a,l,i,d, ,t,h,r,e,a,d, ,m,a,t,c,h, ,w,a,s, ,u,s,e,d, ,b,y, ,a,n, ,e,a,r,l,i,e,r, ,t,r,a,n,s,a,c,t,i,o,n
[,-,3,8,1,2,.,0,",", ,3,8,6,2,9,.,0,",", ,',2,0,0,7,-,0,1,-,3,0,',",", ,2,",", ,',2,0,0,7,-,0,1,-,3,0,',",", ,',0,0,0,0,7,6,8,2,5,1,',",", ,',0,0,0,1,2,0,9,8,6,7,',],T,h,r,e,a,d,M,a,t,c,h, ,I,n,d,i,c,e,s,:, ,N,o,n,e,;, ,F,o,r,m, ,4,A, ,L,o,g,i,c, ,M,a,t,c,h,i,n,g, ,E,r,r,o,r,",", ,e,i,t,h,e,r, ,n,o, ,v,a,l,i,d, ,t,h,r,e,a,d, ,m,a,t,c,h, ,o,r, ,t,h,e, ,v,a,l,i,d, ,t,h,r,e,a,d, ,m,a,t,c,h, ,w,a,s, ,u,s,e,d, ,b,y, ,a,n, ,e,a,r,l,i,e,r, ,t,r,a,n,s,a,c,t,i,o,n
[,3,2,5,8,.,0,",", ,3,6,7,3,4,.,0,",", ,',2,0,1,3,-,0,3,-,3,1,',",", ,1,",", ,',2,0,1,3,-,0,3,-,3,1,',",", ,',0,0,0,1,4,6,7,8,5,8,',",", ,',0,0,0,1,4,9,5,7,5,7,',],T,h,r,e,a,d,M,a,t,c,h, ,I,n,d,i,c,e,s,:, ,N,o,n,e,;, ,F,o,r,m, ,4,A, ,L,o,g,i,c, ,M,a,t,c,h,i,n,g, ,E,r,r,o,r,",", ,e,i,t,h,e,r, ,n,o, ,v,a,l,i,d, ,t,h,r,e,a,d, ,m,a,t,c,h, ,o,r, ,t,h,e, ,v,a,l,i,d, ,t,h,r,e,a,d, ,m,a,t,c,h, ,w,a,s, ,u,s,e,d, ,b,y, ,a,n, ,e,a,r,l,i,e,r, ,t,r,a,n,s,a,c,t,i,o,n
[,-,9,4,6,.,0,",", ,3,5,7,8,8,.,0,",", ,',2,0,1,3,-,0,3,-,3,1,',",", ,2,",", ,',2,0,1,3,-,0,3,-,3,1,',",", ,',0,0,0,1,4,6,7,8,5,8,',",", ,',0,0,0,1,4,9,5,7,5,7,',],T,h,r,e,a,d,M,a,t,c,h, ,I,n,d,i,c,e,s,:, ,N,o,n,e,;, ,F,o,r,m, ,4,A, ,L,o,g,i,c, ,M,a,t,c,h,i,n,g, ,E,r,r,o,r,",", ,e,i,t,h,e,r, ,n,o, ,v,a,l,i,d, ,t,h,r,e,a,d, ,m,a,t,c,h, ,o,r, ,t,h,e, ,v,a,l,i,d, ,t,h,r,e,a,d, ,m,a,t,c,h, ,w,a,s, ,u,s,e,d, ,b,y, ,a,n, ,e,a,r,l,i,e,r, ,t,r,a,n,s,a,c,t,i,o,n
[,-,2,3,1,2,.,0,",", ,3,3,4,7,6,.,0,",", ,',2,0,1,3,-,0,3,-,3,1,',",", ,3,",", ,',2,0,1,3,-,0,3,-,3,1,',",", ,',0,0,0,1,4,6,7,8,5,8,',",", ,',0,0,0,1,4,9,5,7,5,7,',],T,h,r,e,a,d,M,a,t,c,h, ,I,n,d,i,c,e,s,:, ,N,o,n,e,;, ,F,o,r,m, ,4,A, ,L,o,g,i,c, ,M,a,t,c,h,i,n,g, ,E,r,r,o,r,",", ,e,i,t,h,e,r, ,n,o, ,v,a,l,i,d, ,t,h,r,e,a,d, ,m,a,t,c,h, ,o,r, ,t,h,e, ,v,a,l,i,d, ,t,h,r,e,a,d, ,m,a,t,c,h, ,w,a,s, ,u,s,e,d, ,b,y, ,a,n, ,e,a,r,l,i,e,r, ,t,r,a,n,s,a,c,t,i,o,n
[,2,1,3,1,.,0,",", ,3,5,6,0,7,.,0,",", ,',2,0,1,3,-,0,3,-,3,1,',",", ,4,",", ,',2,0,1,3,-,0,3,-,3,1,',",", ,',0,0,0,1,4,6,7,8,5,8,',",", ,',0,0,0,1,4,9,5,7,5,7,',],T,h,r,e,a,d,M,a,t,c,h, ,I,n,d,i,c,e,s,:, ,N,o,n,e,;, ,F,o,r,m, ,4,A, ,L,o,g,i,c, ,M,a,t,c,h,i,n,g, ,E,r,r,o,r,",", ,e,i,t,h,e,r, ,n,o, ,v,a,l,i,d, ,t,h,r,e,a,d, ,m,a,t,c,h, ,o,r, ,t,h,e, ,v,a,l,i,d, ,t,h,r,e,a,d, ,m,a,t,c,h, ,w,a,s, ,u,s,e,d, ,b,y, ,a,n, ,e,a,r,l,i,e,r, ,t,r,a,n,s,a,c,t,i,o,n
[,-,6,1,8,.,0,",", ,3,4,9,8,9,.,0,",", ,',2,0,1,3,-,0,3,-,3,1,',",", ,5,",", ,',2,0,1,3,-,0,3,-,3,1,',",", ,',0,0,0,1,4,6,7,8,5,8,',",", ,',0,0,0,1,4,9,5,7,5,7,',],T,h,r,e,a,d,M,a,t,c,h, ,I,n,d,i,c,e,s,:, ,N,o,n,e,;, ,F,o,r,m, ,4,A, ,L,o,g,i,c, ,M,a,t,c,h,i,n,g, ,E,r,r,o,r,",", ,e,i,t,h,e,r, ,n,o, ,v,a,l,i,d, ,t,h,r,e,a,d, ,m,a,t,c,h, ,o,r, ,t,h,e, ,v,a,l,i,d, ,t,h,r,e,a,d, ,m,a,t,c,h, ,w,a,s, ,u,s,e,d, ,b,y, ,a,n, ,e,a,r,l,i,e,r, ,t,r,a,n,s,a,c,t,i,o,n
[,-,1,5,1,3,.,0,",", ,3,3,4,7,6,.,0,",", ,',2,0,1,3,-,0,3,-,3,1,',",", ,6,",", ,',2,0,1,3,-,0,3,-,3,1,',",", ,',0,0,0,1,4,6,7,8,5,8,',",", ,',0,0,0,1,4,9,5,7,5,7,',],T,h,r,e,a,d,M,a,t,c,h, ,I,n,d,i,c,e,s,:, ,N,o,n,e,;, ,F,o,r,m, ,4,A, ,L,o,g,i,c, ,M,a,t,c,h,i,n,g, ,E,r,r,o,r,",", ,e,i,t,h,e,r, ,n,o, ,v,a,l,i,d, ,t,h,r,e,a,d, ,m,a,t,c,h, ,o,r, ,t,h,e, ,v,a,l,i,d, ,t,h,r,e,a,d, ,m,a,t,c,h, ,w,a,s, ,u,s,e,d, ,b,y, ,a,n, ,e,a,r,l,i,e,r, ,t,r,a,n,s,a,c,t,i,o,n
[,2,7,9,9,.,0,",", ,3,6,2,7,5,.,0,",", ,',2,0,1,3,-,0,3,-,3,1,',",", ,7,",", ,',2,0,1,3,-,0,3,-,3,1,',",", ,',0,0,0,1,4,6,7,8,5,8,',",", ,',0,0,0,1,4,9,5,7,5,7,',],T,h,r,e,a,d,M,a,t,c,h, ,I,n,d,i,c,e,s,:, ,N,o,n,e,;, ,F,o,r,m, ,4,A, ,L,o,g,i,c, ,M,a,t,c,h,i,n,g, ,E,r,r,o,r,",", ,e,i,t,h,e,r, ,n,o, ,v,a,l,i,d, ,t,h,r,e,a,d, ,m,a,t,c,h, ,o,r, ,t,h,e, ,v,a,l,i,d, ,t,h,r,e,a,d, ,m,a,t,c,h, ,w,a,s, ,u,s,e,d, ,b,y, ,a,n, ,e,a,r,l,i,e,r, ,t,r,a,n,s,a,c,t,i,o,n
[,-,8,1,2,.,0,",", ,3,5,4,6,3,.,0,",", ,',2,0,1,3,-,0,3,-,3,1,',",", ,8,",", ,',2,0,1,3,-,0,3,-,3,1,',",", ,',0,0,0,1,4,6,7,8,5,8,',",", ,',0,0,0,1,4,9,5,7,5,7,',],T,h,r,e,a,d,M,a,t,c,h, ,I,n,d,i,c,e,s,:, ,N,o,n,e,;, ,F,o,r,m, ,4,A, ,L,o,g,i,c, ,M,a,t,c,h,i,n,g, ,E,r,r,o,r,",", ,e,i,t,h,e,r, ,n,o, ,v,a,l,i,d, ,t,h,r,e,a,d, ,m,a,t,c,h, ,o,r, ,t,h,e, ,v,a,l,i,d, ,t,h,r,e,a,d, ,m,a,t,c,h, ,w,a,s, ,u,s,e,d, ,b,y, ,a,n, ,e,a,r,l,i,e,r, ,t,r,a,n,s,a,c,t,i,o,n
[,-,1,9,8,7,.,0,",", ,3,3,4,7,6,.,0,",", ,',2,0,1,3,-,0,3,-,3,1,',",", ,9,",", ,',2,0,1,3,-,0,3,-,3,1,',",", ,',0,0,0,1,4,6,7,8,5,8,',",", ,',0,0,0,1,4,9,5,7,5,7,',],T,h,r,e,a,d,M,a,t,c,h, ,I,n,d,i,c,e,s,:, ,N,o,n,e,;, ,F,o,r,m, ,4,A, ,L,o,g,i,c, ,M,a,t,c,h,i,n,g, ,E,r,r,o,r,",", ,e,i,t,h,e,r, ,n,o, ,v,a,l,i,d, ,t,h,r,e,a,d, ,m,a,t,c,h, ,o,r, ,t,h,e, ,v,a,l,i,d, ,t,h,r,e,a,d, ,m,a,t,c,h, ,w,a,s, ,u,s,e,d, ,b,y, ,a,n, ,e,a,r,l,i,e,r, ,t,r,a,n,s,a,c,t,i,o,n
[,-,7,5,8,.,0,",", ,2,9,0,5,7,3,.,0,",", ,',2,0,0,5,-,0,5,-,1,0,',",", ,1,",", ,',2,0,0,5,-,0,5,-,1,0,',",", ,',0,0,0,0,0,0,4,2,8,1,',",", ,',0,0,0,1,1,4,3,9,5,8,',],T,h,r,e,a,d,M,a,t,c,h, ,I,n,d,i,c,e,s,:, ,N,o,n,e,;, ,F,o,r,m, ,4,A, ,L,o,g,i,c, ,M,a,t,c,h,i,n,g, ,E,r,r,o,r,",", ,e,i,t,h,e,r, ,n,o, ,v,a,l,i,d, ,t,h,r,e,a,d, ,m,a,t,c,h, ,o,r, ,t,h,e, ,v,a,l,i,d, ,t,h,r,e,a,d, ,m,a,t,c,h, ,w,a,s, ,u,s,e,d, ,b,y, ,a,n, ,e,a,r,l,i,e,r, ,t,r,a,n,s,a,c,t,i,o,n
[,1,4,1,7,.,2,6,",", ,4,4,6,2,.,2,6,",", ,',2,0,1,3,-,0,2,-,0,5,',",", ,1,",", ,',2,0,1,3,-,0,2,-,0,5,',",", ,',0,0,0,0,0,6,6,7,4,0,',",", ,',0,0,0,1,5,1,5,7,0,9,',],T,h,r,e,a,d,M,a,t,c,h, ,I,n,d,i,c,e,s,:, ,N,o,n,e,;, ,F,o,r,m, ,4,A, ,L,o,g,i,c, ,M,a,t,c,h,i,n,g, ,E,r,r,o,r,",", ,e,i,t,h,e,r, ,n,o, ,v,a,l,i,d, ,t,h,r,e,a,d, ,m,a,t,c,h, ,o,r, ,t,h,e, ,v,a,l,i,d, ,t,h,r,e,a,d, ,m,a,t,c,h, ,w,a,s, ,u,s,e,d, ,b,y, ,a,n, ,e,a,r,l,i,e,r, ,t,r,a,n,s,a,c,t,i,o,n
[,-,5,2,0,.,2,6,",", ,3,9,4,1,.,0,",", ,',2,0,1,3,-,0,2,-,0,5,',",", ,2,",", ,',2,0,1,3,-,0,2,-,0,5,',",", ,',0,0,0,0,0,6,6,7,4,0,',",", ,',0,0,0,1,5,1,5,7,0,9,',],T,h,r,e,a,d,M,a,t,c,h, ,I,n,d,i,c,e,s,:, ,N,o,n,e,;, ,F,o,r,m, ,4,A, ,L,o,g,i,c, ,M,a,t,c,h,i,n,g, ,E,r,r,o,r,",", ,e,i,t,h,e,r, ,n,o, ,v,a,l,i,d, ,t,h,r,e,a,d, ,m,a,t,c,h, ,o,r, ,t,h,e, ,v,a,l,i,d, ,t,h,r,e,a,d, ,m,a,t,c,h, ,w,a,s, ,u,s,e,d, ,b,y, ,a,n, ,e,a,r,l,i,e,r, ,t,r,a,n,s,a,c,t,i,o,n
2004-11-08-0000066740-0001263739,1,1
2011-02-07-0000066740-0001348355,1,1
2011-02-07-0000066740-0001348355,2,2
[,-,2,0,8,4,.,0,",", ,6,9,5,4,.,0,",", ,',2,0,0,8,-,0,1,-,3,0,',",", ,1,",", ,',2,0,0,8,-,0,1,-,3,0,',",", ,',0,0,0,0,7,6,8,2,5,1,',",", ,',0,0,0,1,2,0,9,8,7,4,',],T,h,r,e,a,d,M,a,t,c,h, ,I,n,d,i,c,e,s,:, ,N,o,n,e,;, ,F,o,r,m, ,4,A, ,L,o,g,i,c, ,M,a,t,c,h,i,n,g, ,E,r,r,o,r,",", ,e,i,t,h,e,r, ,n,o, ,v,a,l,i,d, ,t,h,r,e,a,d, ,m,a,t,c,h, ,o,r, ,t,h,e, ,v,a,l,i,d, ,t,h,r,e,a,d, ,m,a,t,c,h, ,w,a,s, ,u,s,e,d, ,b,y, ,a,n, ,e,a,r,l,i,e,r, ,t,r,a,n,s,a,c,t,i,o,n
[,-,1,0,3,0,4,.,0,",", ,1,0,0,0,.,0,",", ,',2,0,1,4,-,0,3,-,1,0,',",", ,1,",", ,',2,0,1,4,-,0,3,-,1,0,',",", ,',0,0,0,1,4,6,7,8,5,8,',",", ,',0,0,0,1,4,9,2,5,3,3,',],T,h,r,e,a,d,M,a,t,c,h, ,I,n,d,i,c,e,s,:, ,N,o,n,e,;, ,F,o,r,m, ,4,A, ,L,o,g,i,c, ,M,a,t,c,h,i,n,g, ,E,r,r,o,r,",", ,e,i,t,h,e,r, ,n,o, ,v,a,l,i,d, ,t,h,r,e,a,d, ,m,a,t,c,h, ,o,r, ,t,h,e, ,v,a,l,i,d, ,t,h,r,e,a,d, ,m,a,t,c,h, ,w,a,s, ,u,s,e,d, ,b,y, ,a,n, ,e,a,r,l,i,e,r, ,t,r,a,n,s,a,c,t,i,o,n
[,-,1,1,1,8,4,0,.,0,",", ,3,1,1,3,5,1,5,5,3,.,0,",", ,',2,0,0,4,-,0,3,-,3,0,',",", ,1,",", ,',2,0,0,4,-,0,3,-,3,0,',",", ,',0,0,0,0,0,0,5,2,7,2,',",", ,',0,0,0,1,2,3,6,6,1,5,',],T,h,r,e,a,d,M,a,t,c,h, ,I,n,d,i,c,e,s,:, ,N,o,n,e,;, ,F,o,r,m, ,4,A, ,L,o,g,i,c, ,M,a,t,c,h,i,n,g, ,E,r,r,o,r,",", ,e,i,t,h,e,r, ,n,o, ,v,a,l,i,d, ,t,h,r,e,a,d, ,m,a,t,c,h, ,o,r, ,t,h,e, ,v,a,l,i,d, ,t,h,r,e,a,d, ,m,a,t,c,h, ,w,a,s, ,u,s,e,d, ,b,y, ,a,n, ,e,a,r,l,i,e,r, ,t,r,a,n,s,a,c,t,i,o,n
2013-05-14-0000768251-0001457986,1,1
2013-05-14-0000768251-0001457986,2,2
2013-05-14-0000768251-0001457986,3,3
2013-05-14-0000768251-0001457986,4,4
[,-,2,0,0,0,0,0,.,0,",", ,2,6,0,5,1,0,8,3,1,.,0,",", ,',2,0,0,7,-,0,6,-,2,1,',",", ,1,",", ,',2,0,0,7,-,0,6,-,2,1,',",", ,',0,0,0,0,0,0,5,2,7,2,',",", ,',0,0,0,1,2,3,6,6,1,5,',],T,h,r,e,a,d,M,a,t,c,h, ,I,n,d,i,c,e,s,:, ,N,o,n,e,;, ,F,o,r,m, ,4,A, ,L,o,g,i,c, ,M,a,t,c,h,i,n,g, ,E,r,r,o,r,",", ,e,i,t,h,e,r, ,n,o, ,v,a,l,i,d, ,t,h,r,e,a,d, ,m,a,t,c,h, ,o,r, ,t,h,e, ,v,a,l,i,d, ,t,h,r,e,a,d, ,m,a,t,c,h, ,w,a,s, ,u,s,e,d, ,b,y, ,a,n, ,e,a,r,l,i,e,r, ,t,r,a,n,s,a,c,t,i,o,n
[,-,3,5,4,0,0,.,0,",", ,2,6,0,4,7,5,4,3,1,.,0,",", ,',2,0,0,7,-,0,6,-,2,2,',",", ,2,",", ,',2,0,0,7,-,0,6,-,2,1,',",", ,',0,0,0,0,0,0,5,2,7,2,',",", ,',0,0,0,1,2,3,6,6,1,5,',],T,h,r,e,a,d,M,a,t,c,h, ,I,n,d,i,c,e,s,:, ,N,o,n,e,;, ,F,o,r,m, ,4,A, ,L,o,g,i,c, ,M,a,t,c,h,i,n,g, ,E,r,r,o,r,",", ,e,i,t,h,e,r, ,n,o, ,v,a,l,i,d, ,t,h,r,e,a,d, ,m,a,t,c,h, ,o,r, ,t,h,e, ,v,a,l,i,d, ,t,h,r,e,a,d, ,m,a,t,c,h, ,w,a,s, ,u,s,e,d, ,b,y, ,a,n, ,e,a,r,l,i,e,r, ,t,r,a,n,s,a,c,t,i,o,n
2004-02-04-0001037868-0001190201,2,1
2004-02-02-0001037868-0001190201,2,1
[,5,0,6,1,.,2,4,",", ,1,8,9,5,8,.,2,4,",", ,',2,0,1,1,-,0,2,-,0,7,',",", ,1,",", ,',2,0,1,1,-,0,2,-,0,7,',",", ,',0,0,0,0,0,6,6,7,4,0,',",", ,',0,0,0,1,3,2,8,5,3,5,',],T,h,r,e,a,d,M,a,t,c,h, ,I,n,d,i,c,e,s,:, ,N,o,n,e,;, ,F,o,r,m, ,4,A, ,L,o,g,i,c, ,M,a,t,c,h,i,n,g, ,E,r,r,o,r,",", ,e,i,t,h,e,r, ,n,o, ,v,a,l,i,d, ,t,h,r,e,a,d, ,m,a,t,c,h, ,o,r, ,t,h,e, ,v,a,l,i,d, ,t,h,r,e,a,d, ,m,a,t,c,h, ,w,a,s, ,u,s,e,d, ,b,y, ,a,n, ,e,a,r,l,i,e,r, ,t,r,a,n,s,a,c,t,i,o,n
[,-,1,6,8,3,.,2,4,",", ,1,7,2,7,5,.,0,",", ,',2,0,1,1,-,0,2,-,0,7,',",", ,2,",", ,',2,0,1,1,-,0,2,-,0,7,',",", ,',0,0,0,0,0,6,6,7,4,0,',",", ,',0,0,0,1,3,2,8,5,3,5,',],T,h,r,e,a,d,M,a,t,c,h, ,I,n,d,i,c,e,s,:, ,N,o,n,e,;, ,F,o,r,m, ,4,A, ,L,o,g,i,c, ,M,a,t,c,h,i,n,g, ,E,r,r,o,r,",", ,e,i,t,h,e,r, ,n,o, ,v,a,l,i,d, ,t,h,r,e,a,d, ,m,a,t,c,h, ,o,r, ,t,h,e, ,v,a,l,i,d, ,t,h,r,e,a,d, ,m,a,t,c,h, ,w,a,s, ,u,s,e,d, ,b,y, ,a,n, ,e,a,r,l,i,e,r, ,t,r,a,n,s,a,c,t,i,o,n
2005-05-09-0000005272-0001236615,1,1
[,7,0,8,3,.,0,",", ,2,4,9,0,9,.,0,",", ,',2,0,1,1,-,0,2,-,1,6,',",", ,1,",", ,',2,0,1,1,-,0,2,-,1,6,',",", ,',0,0,0,1,1,4,0,8,5,9,',",", ,',0,0,0,1,4,1,2,6,3,6,',],T,h,r,e,a,d,M,a,t,c,h, ,I,n,d,i,c,e,s,:, ,N,o,n,e,;, ,F,o,r,m, ,4,A, ,L,o,g,i,c, ,M,a,t,c,h,i,n,g, ,E,r,r,o,r,",", ,e,i,t,h,e,r, ,n,o, ,v,a,l,i,d, ,t,h,r,e,a,d, ,m,a,t,c,h, ,o,r, ,t,h,e, ,v,a,l,i,d, ,t,h,r,e,a,d, ,m,a,t,c,h, ,w,a,s, ,u,s,e,d, ,b,y, ,a,n, ,e,a,r,l,i,e,r, ,t,r,a,n,s,a,c,t,i,o,n
2011-02-07-0000066740-0001469238,1,1
2011-02-07-0000066740-0001469238,2,2
2009-11-20-0001140859-0001412894,1,1
2009-11-20-0001140859-0001412894,2,2
